commodity,week_start_date,price,currency,unit,source,market_type,region,fx_rate,rainfall_index,extraction_date,data_quality_score,is_validated,notes,record_type
Beans (red),2016-01-18,1680000.0,NGN,NGN/MT,WFP Nigeria Food Prices,retail,National,,,2026-03-21,0.9,True,WFP VAM data — converted from NGN/2.5KG to NGN/MT (×400),historical
Beans (red),2016-06-20,229600.0,NGN,NGN/MT,WFP Nigeria Food Prices,retail,National,,,2026-03-21,0.9,True,WFP VAM data — converted from NGN/2.5KG to NGN/MT (×400),historical
Beans (red),2016-07-18,234000.0,NGN,NGN/MT,WFP Nigeria Food Prices,retail,National,,,2026-03-21,0.9,True,WFP VAM data — converted from NGN/2.5KG to NGN/MT (×400),historical
Beans (red),2016-08-15,250000.0,NGN,NGN/MT,WFP Nigeria Food Prices,retail,National,,,2026-03-21,0.9,True,WFP VAM data — converted from NGN/2.5KG to NGN/MT (×400),historical
Beans (red),2016-09-19,273400.0,NGN,NGN/MT,WFP Nigeria Food Prices,retail,National,,,2026-03-21,0.9,True,WFP VAM data — converted from NGN/2.5KG to NGN/MT (×400),historical
Beans (red),2016-10-17,269200.0,NGN,NGN/MT,WFP Nigeria Food Prices,retail,National,,,2026-03-21,0.9,True,WFP VAM data — converted from NGN/2.5KG to NGN/MT (×400),historical
Beans (red),2016-11-21,250000.0,NGN,NGN/MT,WFP Nigeria Food Prices,retail,National,,,2026-03-21,0.9,True,WFP VAM data — converted from NGN/2.5KG to NGN/MT (×400),historical
Beans (red),2016-12-19,255800.0,NGN,NGN/MT,WFP Nigeria Food Prices,retail,National,,,2026-03-21,0.9,True,WFP VAM data — converted from NGN/2.5KG to NGN/MT (×400),historical
Beans (red),2017-01-16,269200.0,NGN,NGN/MT,WFP Nigeria Food Prices,retail,National,,,2026-03-21,0.9,True,WFP VAM data — converted from NGN/2.5KG to NGN/MT (×400),historical
Beans (red),2017-02-20,291600.0,NGN,NGN/MT,WFP Nigeria Food Prices,retail,National,,,2026-03-21,0.9,True,WFP VAM data — converted from NGN/2.5KG to NGN/MT (×400),historical
Beans (red),2017-03-20,322800.0,NGN,NGN/MT,WFP Nigeria Food Prices,retail,National,,,2026-03-21,0.9,True,WFP VAM data — converted from NGN/2.5KG to NGN/MT (×400),historical
Beans (red),2017-04-17,334800.0,NGN,NGN/MT,WFP Nigeria Food Prices,retail,National,,,2026-03-21,0.9,True,WFP VAM data — converted from NGN/2.5KG to NGN/MT (×400),historical
Beans (red),2017-05-15,314000.0,NGN,NGN/MT,WFP Nigeria Food Prices,retail,National,,,2026-03-21,0.9,True,WFP VAM data — converted from NGN/2.5KG to NGN/MT (×400),historical
Beans (red),2017-06-19,339600.0,NGN,NGN/MT,WFP Nigeria Food Prices,retail,National,,,2026-03-21,0.9,True,WFP VAM data — converted from NGN/2.5KG to NGN/MT (×400),historical
Beans (red),2017-07-17,586600.0,NGN,NGN/MT,WFP Nigeria Food Prices,retail,National,,,2026-03-21,0.9,True,WFP VAM data — converted from NGN/2.5KG to NGN/MT (×400),historical
Beans (red),2017-08-21,791600.0,NGN,NGN/MT,WFP Nigeria Food Prices,retail,National,,,2026-03-21,0.9,True,WFP VAM data — converted from NGN/2.5KG to NGN/MT (×400),historical
Beans (red),2017-09-18,541600.0,NGN,NGN/MT,WFP Nigeria Food Prices,retail,National,,,2026-03-21,0.9,True,WFP VAM data — converted from NGN/2.5KG to NGN/MT (×400),historical
Beans (red),2017-10-16,458400.0,NGN,NGN/MT,WFP Nigeria Food Prices,retail,National,,,2026-03-21,0.9,True,WFP VAM data — converted from NGN/2.5KG to NGN/MT (×400),historical
Beans (red),2017-11-20,404000.0,NGN,NGN/MT,WFP Nigeria Food Prices,retail,National,,,2026-03-21,0.9,True,WFP VAM data — converted from NGN/2.5KG to NGN/MT (×400),historical
Beans (red),2017-12-18,520800.0,NGN,NGN/MT,WFP Nigeria Food Prices,retail,National,,,2026-03-21,0.9,True,WFP VAM data — converted from NGN/2.5KG to NGN/MT (×400),historical
Beans (red),2018-01-15,390400.0,NGN,NGN/MT,WFP Nigeria Food Prices,retail,National,,,2026-03-21,0.9,True,WFP VAM data — converted from NGN/2.5KG to NGN/MT (×400),historical
Beans (red),2018-02-19,677200.0,NGN,NGN/MT,WFP Nigeria Food Prices,retail,National,,,2026-03-21,0.9,True,WFP VAM data — converted from NGN/2.5KG to NGN/MT (×400),historical
Beans (red),2018-03-19,666800.0,NGN,NGN/MT,WFP Nigeria Food Prices,retail,National,,,2026-03-21,0.9,True,WFP VAM data — converted from NGN/2.5KG to NGN/MT (×400),historical
Beans (red),2018-04-16,687600.0,NGN,NGN/MT,WFP Nigeria Food Prices,retail,National,,,2026-03-21,0.9,True,WFP VAM data — converted from NGN/2.5KG to NGN/MT (×400),historical
Beans (red),2018-05-21,585000.0,NGN,NGN/MT,WFP Nigeria Food Prices,retail,National,,,2026-03-21,0.9,True,WFP VAM data — converted from NGN/2.5KG to NGN/MT (×400),historical
Beans (red),2018-06-18,395800.0,NGN,NGN/MT,WFP Nigeria Food Prices,retail,National,,,2026-03-21,0.9,True,WFP VAM data — converted from NGN/2.5KG to NGN/MT (×400),historical
Beans (red),2018-07-16,384800.0,NGN,NGN/MT,WFP Nigeria Food Prices,retail,National,,,2026-03-21,0.9,True,WFP VAM data — converted from NGN/2.5KG to NGN/MT (×400),historical
Beans (red),2018-08-20,388200.0,NGN,NGN/MT,WFP Nigeria Food Prices,retail,National,,,2026-03-21,0.9,True,WFP VAM data — converted from NGN/2.5KG to NGN/MT (×400),historical
Beans (red),2018-09-17,333200.0,NGN,NGN/MT,WFP Nigeria Food Prices,retail,National,,,2026-03-21,0.9,True,WFP VAM data — converted from NGN/2.5KG to NGN/MT (×400),historical
Beans (red),2018-10-15,307600.0,NGN,NGN/MT,WFP Nigeria Food Prices,retail,National,,,2026-03-21,0.9,True,WFP VAM data — converted from NGN/2.5KG to NGN/MT (×400),historical
Beans (red),2018-11-19,290000.0,NGN,NGN/MT,WFP Nigeria Food Prices,retail,National,,,2026-03-21,0.9,True,WFP VAM data — converted from NGN/2.5KG to NGN/MT (×400),historical
Beans (red),2018-12-17,315000.0,NGN,NGN/MT,WFP Nigeria Food Prices,retail,National,,,2026-03-21,0.9,True,WFP VAM data — converted from NGN/2.5KG to NGN/MT (×400),historical
Beans (red),2019-01-21,280400.0,NGN,NGN/MT,WFP Nigeria Food Prices,retail,National,,,2026-03-21,0.9,True,WFP VAM data — converted from NGN/2.5KG to NGN/MT (×400),historical
Beans (red),2019-02-18,270800.0,NGN,NGN/MT,WFP Nigeria Food Prices,retail,National,,,2026-03-21,0.9,True,WFP VAM data — converted from NGN/2.5KG to NGN/MT (×400),historical
Beans (red),2019-03-18,270800.0,NGN,NGN/MT,WFP Nigeria Food Prices,retail,National,,,2026-03-21,0.9,True,WFP VAM data — converted from NGN/2.5KG to NGN/MT (×400),historical
Beans (red),2019-04-15,235200.0,NGN,NGN/MT,WFP Nigeria Food Prices,retail,National,,,2026-03-21,0.9,True,WFP VAM data — converted from NGN/2.5KG to NGN/MT (×400),historical
Beans (red),2019-05-20,230800.0,NGN,NGN/MT,WFP Nigeria Food Prices,retail,National,,,2026-03-21,0.9,True,WFP VAM data — converted from NGN/2.5KG to NGN/MT (×400),historical
Beans (red),2019-06-17,183200.0,NGN,NGN/MT,WFP Nigeria Food Prices,retail,National,,,2026-03-21,0.9,True,WFP VAM data — converted from NGN/2.5KG to NGN/MT (×400),historical
Beans (red),2019-07-15,192400.0,NGN,NGN/MT,WFP Nigeria Food Prices,retail,National,,,2026-03-21,0.9,True,WFP VAM data — converted from NGN/2.5KG to NGN/MT (×400),historical
Beans (red),2019-08-19,183200.0,NGN,NGN/MT,WFP Nigeria Food Prices,retail,National,,,2026-03-21,0.9,True,WFP VAM data — converted from NGN/2.5KG to NGN/MT (×400),historical
Beans (red),2019-09-16,184600.0,NGN,NGN/MT,WFP Nigeria Food Prices,retail,National,,,2026-03-21,0.9,True,WFP VAM data — converted from NGN/2.5KG to NGN/MT (×400),historical
Beans (red),2019-10-21,186800.0,NGN,NGN/MT,WFP Nigeria Food Prices,retail,National,,,2026-03-21,0.9,True,WFP VAM data — converted from NGN/2.5KG to NGN/MT (×400),historical
Beans (red),2019-11-18,166800.0,NGN,NGN/MT,WFP Nigeria Food Prices,retail,National,,,2026-03-21,0.9,True,WFP VAM data — converted from NGN/2.5KG to NGN/MT (×400),historical
Beans (red),2019-12-16,166800.0,NGN,NGN/MT,WFP Nigeria Food Prices,retail,National,,,2026-03-21,0.9,True,WFP VAM data — converted from NGN/2.5KG to NGN/MT (×400),historical
Beans (red),2020-01-20,145600.0,NGN,NGN/MT,WFP Nigeria Food Prices,retail,National,,,2026-03-21,0.9,True,WFP VAM data — converted from NGN/2.5KG to NGN/MT (×400),historical
Beans (red),2020-02-17,144200.0,NGN,NGN/MT,WFP Nigeria Food Prices,retail,National,,,2026-03-21,0.9,True,WFP VAM data — converted from NGN/2.5KG to NGN/MT (×400),historical
Beans (red),2020-03-16,154000.0,NGN,NGN/MT,WFP Nigeria Food Prices,retail,National,,,2026-03-21,0.9,True,WFP VAM data — converted from NGN/2.5KG to NGN/MT (×400),historical
Beans (red),2020-04-20,173200.0,NGN,NGN/MT,WFP Nigeria Food Prices,retail,National,,,2026-03-21,0.9,True,WFP VAM data — converted from NGN/2.5KG to NGN/MT (×400),historical
Beans (red),2020-05-18,184200.0,NGN,NGN/MT,WFP Nigeria Food Prices,retail,National,,,2026-03-21,0.9,True,WFP VAM data — converted from NGN/2.5KG to NGN/MT (×400),historical
Beans (red),2020-06-15,208400.0,NGN,NGN/MT,WFP Nigeria Food Prices,retail,National,,,2026-03-21,0.9,True,WFP VAM data — converted from NGN/2.5KG to NGN/MT (×400),historical
Beans (red),2020-07-20,214200.0,NGN,NGN/MT,WFP Nigeria Food Prices,retail,National,,,2026-03-21,0.9,True,WFP VAM data — converted from NGN/2.5KG to NGN/MT (×400),historical
Beans (red),2020-08-17,250000.0,NGN,NGN/MT,WFP Nigeria Food Prices,retail,National,,,2026-03-21,0.9,True,WFP VAM data — converted from NGN/2.5KG to NGN/MT (×400),historical
Beans (red),2020-09-21,260400.0,NGN,NGN/MT,WFP Nigeria Food Prices,retail,National,,,2026-03-21,0.9,True,WFP VAM data — converted from NGN/2.5KG to NGN/MT (×400),historical
Beans (red),2020-10-19,176800.0,NGN,NGN/MT,WFP Nigeria Food Prices,retail,National,,,2026-03-21,0.9,True,WFP VAM data — converted from NGN/2.5KG to NGN/MT (×400),historical
Beans (red),2020-11-16,258400.0,NGN,NGN/MT,WFP Nigeria Food Prices,retail,National,,,2026-03-21,0.9,True,WFP VAM data — converted from NGN/2.5KG to NGN/MT (×400),historical
Beans (red),2020-12-21,253200.0,NGN,NGN/MT,WFP Nigeria Food Prices,retail,National,,,2026-03-21,0.9,True,WFP VAM data — converted from NGN/2.5KG to NGN/MT (×400),historical
Beans (red),2021-01-18,291600.0,NGN,NGN/MT,WFP Nigeria Food Prices,retail,National,,,2026-03-21,0.9,True,WFP VAM data — converted from NGN/2.5KG to NGN/MT (×400),historical
Beans (red),2021-02-15,291600.0,NGN,NGN/MT,WFP Nigeria Food Prices,retail,National,,,2026-03-21,0.9,True,WFP VAM data — converted from NGN/2.5KG to NGN/MT (×400),historical
Beans (red),2021-03-15,484600.0,NGN,NGN/MT,WFP Nigeria Food Prices,retail,National,,,2026-03-21,0.9,True,WFP VAM data — converted from NGN/2.5KG to NGN/MT (×400),historical
Beans (red),2021-04-19,519200.0,NGN,NGN/MT,WFP Nigeria Food Prices,retail,National,,,2026-03-21,0.9,True,WFP VAM data — converted from NGN/2.5KG to NGN/MT (×400),historical
Beans (red),2021-05-17,529200.0,NGN,NGN/MT,WFP Nigeria Food Prices,retail,National,,,2026-03-21,0.9,True,WFP VAM data — converted from NGN/2.5KG to NGN/MT (×400),historical
Beans (red),2021-06-21,569600.0,NGN,NGN/MT,WFP Nigeria Food Prices,retail,National,,,2026-03-21,0.9,True,WFP VAM data — converted from NGN/2.5KG to NGN/MT (×400),historical
Beans (red),2021-07-19,606200.0,NGN,NGN/MT,WFP Nigeria Food Prices,retail,National,,,2026-03-21,0.9,True,WFP VAM data — converted from NGN/2.5KG to NGN/MT (×400),historical
Beans (red),2021-08-16,672200.0,NGN,NGN/MT,WFP Nigeria Food Prices,retail,National,,,2026-03-21,0.9,True,WFP VAM data — converted from NGN/2.5KG to NGN/MT (×400),historical
Beans (red),2021-09-20,666800.0,NGN,NGN/MT,WFP Nigeria Food Prices,retail,National,,,2026-03-21,0.9,True,WFP VAM data — converted from NGN/2.5KG to NGN/MT (×400),historical
Beans (red),2021-10-18,597000.0,NGN,NGN/MT,WFP Nigeria Food Prices,retail,National,,,2026-03-21,0.9,True,WFP VAM data — converted from NGN/2.5KG to NGN/MT (×400),historical
Beans (red),2021-11-15,500000.0,NGN,NGN/MT,WFP Nigeria Food Prices,retail,National,,,2026-03-21,0.9,True,WFP VAM data — converted from NGN/2.5KG to NGN/MT (×400),historical
Beans (red),2021-12-20,463600.0,NGN,NGN/MT,WFP Nigeria Food Prices,retail,National,,,2026-03-21,0.9,True,WFP VAM data — converted from NGN/2.5KG to NGN/MT (×400),historical
Beans (red),2022-01-17,520800.0,NGN,NGN/MT,WFP Nigeria Food Prices,retail,National,,,2026-03-21,0.9,True,WFP VAM data — converted from NGN/2.5KG to NGN/MT (×400),historical
Beans (red),2022-02-21,500000.0,NGN,NGN/MT,WFP Nigeria Food Prices,retail,National,,,2026-03-21,0.9,True,WFP VAM data — converted from NGN/2.5KG to NGN/MT (×400),historical
Beans (red),2022-03-21,550000.0,NGN,NGN/MT,WFP Nigeria Food Prices,retail,National,,,2026-03-21,0.9,True,WFP VAM data — converted from NGN/2.5KG to NGN/MT (×400),historical
Beans (red),2022-04-18,558400.0,NGN,NGN/MT,WFP Nigeria Food Prices,retail,National,,,2026-03-21,0.9,True,WFP VAM data — converted from NGN/2.5KG to NGN/MT (×400),historical
Beans (red),2022-05-16,583200.0,NGN,NGN/MT,WFP Nigeria Food Prices,retail,National,,,2026-03-21,0.9,True,WFP VAM data — converted from NGN/2.5KG to NGN/MT (×400),historical
Beans (red),2023-02-20,346800.0,NGN,NGN/MT,WFP Nigeria Food Prices,retail,National,,,2026-03-21,0.9,True,WFP VAM data — converted from NGN/2.5KG to NGN/MT (×400),historical
Beans (red),2023-03-20,373200.0,NGN,NGN/MT,WFP Nigeria Food Prices,retail,National,,,2026-03-21,0.9,True,WFP VAM data — converted from NGN/2.5KG to NGN/MT (×400),historical
Beans (red),2023-04-17,480000.0,NGN,NGN/MT,WFP Nigeria Food Prices,retail,National,,,2026-03-21,0.9,True,WFP VAM data — converted from NGN/2.5KG to NGN/MT (×400),historical
Beans (red),2023-05-15,490000.0,NGN,NGN/MT,WFP Nigeria Food Prices,retail,National,,,2026-03-21,0.9,True,WFP VAM data — converted from NGN/2.5KG to NGN/MT (×400),historical
Beans (red),2023-06-19,482400.0,NGN,NGN/MT,WFP Nigeria Food Prices,retail,National,,,2026-03-21,0.9,True,WFP VAM data — converted from NGN/2.5KG to NGN/MT (×400),historical
Beans (red),2023-07-17,538064.0,NGN,NGN/MT,WFP Nigeria Food Prices,retail,National,,,2026-03-21,0.9,True,WFP VAM data — converted from NGN/2.5KG to NGN/MT (×400),historical
Beans (red),2023-08-21,570024.0,NGN,NGN/MT,WFP Nigeria Food Prices,retail,National,,,2026-03-21,0.9,True,WFP VAM data — converted from NGN/2.5KG to NGN/MT (×400),historical
Beans (red),2023-09-18,596000.0,NGN,NGN/MT,WFP Nigeria Food Prices,retail,National,,,2026-03-21,0.9,True,WFP VAM data — converted from NGN/2.5KG to NGN/MT (×400),historical
Beans (red),2023-10-16,658588.0,NGN,NGN/MT,WFP Nigeria Food Prices,retail,National,,,2026-03-21,0.9,True,WFP VAM data — converted from NGN/2.5KG to NGN/MT (×400),historical
Beans (red),2023-11-20,701540.0,NGN,NGN/MT,WFP Nigeria Food Prices,retail,National,,,2026-03-21,0.9,True,WFP VAM data — converted from NGN/2.5KG to NGN/MT (×400),historical
Beans (red),2023-12-18,760000.0,NGN,NGN/MT,WFP Nigeria Food Prices,retail,National,,,2026-03-21,0.9,True,WFP VAM data — converted from NGN/2.5KG to NGN/MT (×400),historical
Beans (red),2024-01-15,891000.0,NGN,NGN/MT,WFP Nigeria Food Prices,retail,National,,,2026-03-21,0.9,True,WFP VAM data — converted from NGN/2.5KG to NGN/MT (×400),historical
Beans (red),2024-02-19,1042376.0,NGN,NGN/MT,WFP Nigeria Food Prices,retail,National,,,2026-03-21,0.9,True,WFP VAM data — converted from NGN/2.5KG to NGN/MT (×400),historical
Beans (red),2024-03-18,1200000.0,NGN,NGN/MT,WFP Nigeria Food Prices,retail,National,,,2026-03-21,0.9,True,WFP VAM data — converted from NGN/2.5KG to NGN/MT (×400),historical
Beans (red),2024-04-15,1316000.0,NGN,NGN/MT,WFP Nigeria Food Prices,retail,National,,,2026-03-21,0.9,True,WFP VAM data — converted from NGN/2.5KG to NGN/MT (×400),historical
Beans (red),2024-05-20,1479356.0,NGN,NGN/MT,WFP Nigeria Food Prices,retail,National,,,2026-03-21,0.9,True,WFP VAM data — converted from NGN/2.5KG to NGN/MT (×400),historical
Beans (red),2024-06-17,2000000.0,NGN,NGN/MT,WFP Nigeria Food Prices,retail,National,,,2026-03-21,0.9,True,WFP VAM data — converted from NGN/2.5KG to NGN/MT (×400),historical
Beans (red),2024-10-21,1759972.0,NGN,NGN/MT,WFP Nigeria Food Prices,retail,National,,,2026-03-21,0.9,True,WFP VAM data — converted from NGN/2.5KG to NGN/MT (×400),historical
Beans (red),2024-11-18,1503478.0,NGN,NGN/MT,WFP Nigeria Food Prices,retail,National,,,2026-03-21,0.9,True,WFP VAM data — converted from NGN/2.5KG to NGN/MT (×400),historical
Beans (red),2024-12-16,1269546.0,NGN,NGN/MT,WFP Nigeria Food Prices,retail,National,,,2026-03-21,0.9,True,WFP VAM data — converted from NGN/2.5KG to NGN/MT (×400),historical
Beans (red),2025-01-20,1276924.0,NGN,NGN/MT,WFP Nigeria Food Prices,retail,National,,,2026-03-21,0.9,True,WFP VAM data — converted from NGN/2.5KG to NGN/MT (×400),historical
Beans (red),2025-02-17,1280000.0,NGN,NGN/MT,WFP Nigeria Food Prices,retail,National,,,2026-03-21,0.9,True,WFP VAM data — converted from NGN/2.5KG to NGN/MT (×400),historical
Beans (red),2025-03-17,1120000.0,NGN,NGN/MT,WFP Nigeria Food Prices,retail,National,,,2026-03-21,0.9,True,WFP VAM data — converted from NGN/2.5KG to NGN/MT (×400),historical
Beans (red),2025-04-21,1280000.0,NGN,NGN/MT,WFP Nigeria Food Prices,retail,National,,,2026-03-21,0.9,True,WFP VAM data — converted from NGN/2.5KG to NGN/MT (×400),historical
Beans (red),2025-05-19,1081292.0,NGN,NGN/MT,WFP Nigeria Food Prices,retail,National,,,2026-03-21,0.9,True,WFP VAM data — converted from NGN/2.5KG to NGN/MT (×400),historical
Beans (red),2025-06-16,1020956.0,NGN,NGN/MT,WFP Nigeria Food Prices,retail,National,,,2026-03-21,0.9,True,WFP VAM data — converted from NGN/2.5KG to NGN/MT (×400),historical
Beans (red),2025-07-21,1019260.0,NGN,NGN/MT,WFP Nigeria Food Prices,retail,National,,,2026-03-21,0.9,True,WFP VAM data — converted from NGN/2.5KG to NGN/MT (×400),historical
Beans (red),2025-08-18,1026666.0,NGN,NGN/MT,WFP Nigeria Food Prices,retail,National,,,2026-03-21,0.9,True,WFP VAM data — converted from NGN/2.5KG to NGN/MT (×400),historical
Beans (red),2025-09-15,1019334.0,NGN,NGN/MT,WFP Nigeria Food Prices,retail,National,,,2026-03-21,0.9,True,WFP VAM data — converted from NGN/2.5KG to NGN/MT (×400),historical
Beans (red),2025-10-20,860000.0,NGN,NGN/MT,WFP Nigeria Food Prices,retail,National,,,2026-03-21,0.9,True,WFP VAM data — converted from NGN/2.5KG to NGN/MT (×400),historical
Beans (red),2025-11-17,800000.0,NGN,NGN/MT,WFP Nigeria Food Prices,retail,National,,,2026-03-21,0.9,True,WFP VAM data — converted from NGN/2.5KG to NGN/MT (×400),historical
Beans (red),2025-12-15,680000.0,NGN,NGN/MT,WFP Nigeria Food Prices,retail,National,,,2026-03-21,0.9,True,WFP VAM data — converted from NGN/2.5KG to NGN/MT (×400),historical
Beans (red),2026-01-19,560000.0,NGN,NGN/MT,WFP Nigeria Food Prices,retail,National,,,2026-03-21,0.9,True,WFP VAM data — converted from NGN/2.5KG to NGN/MT (×400),historical
Beans (red),2026-02-16,764286.0,NGN,NGN/MT,WFP Nigeria Food Prices,retail,National,,,2026-03-21,0.9,True,WFP VAM data — converted from NGN/2.5KG to NGN/MT (×400),historical
Beans (red),2026-03-16,915000.0,NGN,NGN/MT,WFP Nigeria Food Prices,retail,National,,,2026-03-21,0.9,True,WFP VAM data — converted from NGN/2.5KG to NGN/MT (×400),historical
Beans (red),2026-03-21,1076581.0,NGN,NGN/MT,Agrolinking Forecast,wholesale,National,1650.0,,2026-03-21,0.9,False,"model=ensemble | daily_change=stable | weekly=₦1,108,022 | biweekly=₦1,196,664",forecast
Beans (red),2026-03-23,1132445.0,NGN,NGN/MT,Agrolinking Forecast,wholesale,National,1650.0,,2026-03-23,0.9,False,"model=ensemble | daily_chg=+23.8% | weekly=₦1,214,170 | biweekly=₦1,254,374 | 1m=₦1,156,322 | 3m=₦1,112,240 | 6m=₦1,043,560",forecast
Beans (red),2026-03-24,1134955.0,NGN,NGN/MT,Agrolinking Forecast,wholesale,National,1650.0,,2026-03-24,0.9,False,"model=ensemble | daily_chg=stable | weekly=₦1,218,843 | biweekly=₦1,261,615 | 1m=₦1,180,556 | 3m=₦1,038,829 | 6m=₦995,332",forecast
Beans (red),2026-03-25,1209720.0,NGN,NGN/MT,Agrolinking Forecast,wholesale,National,1650.0,,2026-03-25,0.9,False,"model=ensemble | daily_chg=stable | weekly=₦1,197,507 | biweekly=₦1,281,666 | 1m=₦1,207,415 | 3m=₦1,062,942 | 6m=₦979,845",forecast
Beans (red),2026-03-26,1221660.0,NGN,NGN/MT,Agrolinking Forecast,wholesale,National,1650.0,,2026-03-26,0.9,False,"model=ensemble | daily_chg=stable | weekly=₦1,211,153 | biweekly=₦1,302,984 | 1m=₦1,208,119 | 3m=₦1,070,305 | 6m=₦1,006,481",forecast
Beans (red),2026-03-27,969900.0,NGN,NGN/MT,Agrolinking Forecast,wholesale,National,1650.0,,2026-03-27,0.9,False,"model=ensemble | daily_chg=stable | weekly=₦969,900 | biweekly=₦969,900 | 1m=₦1,169,799 | 3m=₦1,113,015 | 6m=₦990,234",forecast
Beans (red),2026-03-29,860100.0,NGN,NGN/MT,Agrolinking Forecast,wholesale,National,1650.0,,2026-03-29,0.9,False,"model=ensemble | daily_chg=-6.0% | weekly=₦860,100 | biweekly=₦860,100 | 1m=₦1,269,452 | 3m=₦1,205,983 | 6m=₦1,190,023",forecast
Beans (red),2026-03-30,1359300.0,NGN,NGN/MT,Agrolinking AI Pipeline,forecast,National,,,2026-03-30,0.85,True,AI forecast generated 2026-03-30,forecast
Beans (red),2026-03-31,1359300.0,NGN,NGN/MT,Agrolinking AI Pipeline,forecast,National,,,2026-03-31,0.85,True,AI forecast generated 2026-03-31,forecast
Beans (red),2026-04-01,1359300.0,NGN,NGN/MT,Agrolinking AI Pipeline,forecast,National,,,2026-04-01,0.85,True,AI forecast generated 2026-04-01,forecast
Beans (red),2026-04-02,1359300.0,NGN,NGN/MT,Agrolinking AI Pipeline,forecast,National,,,2026-04-02,0.85,True,AI forecast generated 2026-04-02,forecast
Beans (red),2026-04-03,1359300.0,NGN,NGN/MT,Agrolinking AI Pipeline,forecast,National,,,2026-04-03,0.85,True,AI forecast generated 2026-04-03,forecast
Beans (red),2026-04-04,1324800.0,NGN,NGN/MT,Agrolinking AI Pipeline,forecast,National,,,2026-04-04,0.85,True,AI forecast generated 2026-04-04,forecast
Beans (red),2026-04-05,860100.0,NGN,NGN/MT,Agrolinking AI Pipeline,forecast,National,,,2026-03-29,0.85,True,AI forecast generated 2026-03-29,forecast
Beans (red),2026-04-06,1338600.0,NGN,NGN/MT,Agrolinking AI Pipeline,forecast,National,,,2026-03-30,0.85,True,AI forecast generated 2026-03-30,forecast
Beans (red),2026-04-07,1338600.0,NGN,NGN/MT,Agrolinking AI Pipeline,forecast,National,,,2026-03-31,0.85,True,AI forecast generated 2026-03-31,forecast
Beans (red),2026-04-08,1338600.0,NGN,NGN/MT,Agrolinking AI Pipeline,forecast,National,,,2026-04-01,0.85,True,AI forecast generated 2026-04-01,forecast
Beans (red),2026-04-09,1338600.0,NGN,NGN/MT,Agrolinking AI Pipeline,forecast,National,,,2026-04-02,0.85,True,AI forecast generated 2026-04-02,forecast
Beans (red),2026-04-10,1338600.0,NGN,NGN/MT,Agrolinking AI Pipeline,forecast,National,,,2026-04-03,0.85,True,AI forecast generated 2026-04-03,forecast
Beans (red),2026-04-11,1297200.0,NGN,NGN/MT,Agrolinking AI Pipeline,forecast,National,,,2026-04-04,0.85,True,AI forecast generated 2026-04-04,forecast
Beans (red),2026-04-12,860100.0,NGN,NGN/MT,Agrolinking AI Pipeline,forecast,National,,,2026-03-29,0.85,True,AI forecast generated 2026-03-29,forecast
Beans (red),2026-04-13,1311000.0,NGN,NGN/MT,Agrolinking AI Pipeline,forecast,National,,,2026-03-30,0.85,True,AI forecast generated 2026-03-30,forecast
Beans (red),2026-04-14,1311000.0,NGN,NGN/MT,Agrolinking AI Pipeline,forecast,National,,,2026-03-31,0.85,True,AI forecast generated 2026-03-31,forecast
Beans (red),2026-04-15,1316010.0,NGN,NGN/MT,Agrolinking AI Pipeline,forecast,National,,,2026-04-15,0.85,True,AI daily forecast 2026-04-15,forecast
Beans (red),2026-04-16,1361022.0,NGN,NGN/MT,Agrolinking AI Pipeline,forecast,National,,,2026-04-16,0.85,True,AI daily forecast 2026-04-16,forecast
Beans (red),2026-04-17,1350811.0,NGN,NGN/MT,Agrolinking AI Pipeline,forecast,National,,,2026-04-17,0.85,True,AI daily forecast 2026-04-17,forecast
Beans (white),2016-01-18,1680000.0,NGN,NGN/MT,WFP Nigeria Food Prices,retail,National,,,2026-03-21,0.9,True,WFP VAM data — converted from NGN/2.5KG to NGN/MT (×400),historical
Beans (white),2016-06-20,220800.0,NGN,NGN/MT,WFP Nigeria Food Prices,retail,National,,,2026-03-21,0.9,True,WFP VAM data — converted from NGN/2.5KG to NGN/MT (×400),historical
Beans (white),2016-07-18,250000.0,NGN,NGN/MT,WFP Nigeria Food Prices,retail,National,,,2026-03-21,0.9,True,WFP VAM data — converted from NGN/2.5KG to NGN/MT (×400),historical
Beans (white),2016-09-19,269200.0,NGN,NGN/MT,WFP Nigeria Food Prices,retail,National,,,2026-03-21,0.9,True,WFP VAM data — converted from NGN/2.5KG to NGN/MT (×400),historical
Beans (white),2016-10-17,346400.0,NGN,NGN/MT,WFP Nigeria Food Prices,retail,National,,,2026-03-21,0.9,True,WFP VAM data — converted from NGN/2.5KG to NGN/MT (×400),historical
Beans (white),2016-11-21,307600.0,NGN,NGN/MT,WFP Nigeria Food Prices,retail,National,,,2026-03-21,0.9,True,WFP VAM data — converted from NGN/2.5KG to NGN/MT (×400),historical
Beans (white),2016-12-19,257600.0,NGN,NGN/MT,WFP Nigeria Food Prices,retail,National,,,2026-03-21,0.9,True,WFP VAM data — converted from NGN/2.5KG to NGN/MT (×400),historical
Beans (white),2017-01-16,288400.0,NGN,NGN/MT,WFP Nigeria Food Prices,retail,National,,,2026-03-21,0.9,True,WFP VAM data — converted from NGN/2.5KG to NGN/MT (×400),historical
Beans (white),2017-02-20,250000.0,NGN,NGN/MT,WFP Nigeria Food Prices,retail,National,,,2026-03-21,0.9,True,WFP VAM data — converted from NGN/2.5KG to NGN/MT (×400),historical
Beans (white),2017-03-20,291600.0,NGN,NGN/MT,WFP Nigeria Food Prices,retail,National,,,2026-03-21,0.9,True,WFP VAM data — converted from NGN/2.5KG to NGN/MT (×400),historical
Beans (white),2017-04-17,319200.0,NGN,NGN/MT,WFP Nigeria Food Prices,retail,National,,,2026-03-21,0.9,True,WFP VAM data — converted from NGN/2.5KG to NGN/MT (×400),historical
Beans (white),2017-05-15,307600.0,NGN,NGN/MT,WFP Nigeria Food Prices,retail,National,,,2026-03-21,0.9,True,WFP VAM data — converted from NGN/2.5KG to NGN/MT (×400),historical
Beans (white),2017-06-19,291600.0,NGN,NGN/MT,WFP Nigeria Food Prices,retail,National,,,2026-03-21,0.9,True,WFP VAM data — converted from NGN/2.5KG to NGN/MT (×400),historical
Beans (white),2017-07-17,505000.0,NGN,NGN/MT,WFP Nigeria Food Prices,retail,National,,,2026-03-21,0.9,True,WFP VAM data — converted from NGN/2.5KG to NGN/MT (×400),historical
Beans (white),2017-08-21,567200.0,NGN,NGN/MT,WFP Nigeria Food Prices,retail,National,,,2026-03-21,0.9,True,WFP VAM data — converted from NGN/2.5KG to NGN/MT (×400),historical
Beans (white),2017-09-18,520800.0,NGN,NGN/MT,WFP Nigeria Food Prices,retail,National,,,2026-03-21,0.9,True,WFP VAM data — converted from NGN/2.5KG to NGN/MT (×400),historical
Beans (white),2017-10-16,566600.0,NGN,NGN/MT,WFP Nigeria Food Prices,retail,National,,,2026-03-21,0.9,True,WFP VAM data — converted from NGN/2.5KG to NGN/MT (×400),historical
Beans (white),2017-11-20,458400.0,NGN,NGN/MT,WFP Nigeria Food Prices,retail,National,,,2026-03-21,0.9,True,WFP VAM data — converted from NGN/2.5KG to NGN/MT (×400),historical
Beans (white),2017-12-18,500000.0,NGN,NGN/MT,WFP Nigeria Food Prices,retail,National,,,2026-03-21,0.9,True,WFP VAM data — converted from NGN/2.5KG to NGN/MT (×400),historical
Beans (white),2018-01-15,500000.0,NGN,NGN/MT,WFP Nigeria Food Prices,retail,National,,,2026-03-21,0.9,True,WFP VAM data — converted from NGN/2.5KG to NGN/MT (×400),historical
Beans (white),2018-02-19,583200.0,NGN,NGN/MT,WFP Nigeria Food Prices,retail,National,,,2026-03-21,0.9,True,WFP VAM data — converted from NGN/2.5KG to NGN/MT (×400),historical
Beans (white),2018-03-19,625200.0,NGN,NGN/MT,WFP Nigeria Food Prices,retail,National,,,2026-03-21,0.9,True,WFP VAM data — converted from NGN/2.5KG to NGN/MT (×400),historical
Beans (white),2018-04-16,625200.0,NGN,NGN/MT,WFP Nigeria Food Prices,retail,National,,,2026-03-21,0.9,True,WFP VAM data — converted from NGN/2.5KG to NGN/MT (×400),historical
Beans (white),2018-05-21,384800.0,NGN,NGN/MT,WFP Nigeria Food Prices,retail,National,,,2026-03-21,0.9,True,WFP VAM data — converted from NGN/2.5KG to NGN/MT (×400),historical
Beans (white),2018-06-18,316800.0,NGN,NGN/MT,WFP Nigeria Food Prices,retail,National,,,2026-03-21,0.9,True,WFP VAM data — converted from NGN/2.5KG to NGN/MT (×400),historical
Beans (white),2018-07-16,307600.0,NGN,NGN/MT,WFP Nigeria Food Prices,retail,National,,,2026-03-21,0.9,True,WFP VAM data — converted from NGN/2.5KG to NGN/MT (×400),historical
Beans (white),2018-08-20,333200.0,NGN,NGN/MT,WFP Nigeria Food Prices,retail,National,,,2026-03-21,0.9,True,WFP VAM data — converted from NGN/2.5KG to NGN/MT (×400),historical
Beans (white),2018-09-17,307600.0,NGN,NGN/MT,WFP Nigeria Food Prices,retail,National,,,2026-03-21,0.9,True,WFP VAM data — converted from NGN/2.5KG to NGN/MT (×400),historical
Beans (white),2018-10-15,294800.0,NGN,NGN/MT,WFP Nigeria Food Prices,retail,National,,,2026-03-21,0.9,True,WFP VAM data — converted from NGN/2.5KG to NGN/MT (×400),historical
Beans (white),2018-11-19,269200.0,NGN,NGN/MT,WFP Nigeria Food Prices,retail,National,,,2026-03-21,0.9,True,WFP VAM data — converted from NGN/2.5KG to NGN/MT (×400),historical
Beans (white),2018-12-17,278800.0,NGN,NGN/MT,WFP Nigeria Food Prices,retail,National,,,2026-03-21,0.9,True,WFP VAM data — converted from NGN/2.5KG to NGN/MT (×400),historical
Beans (white),2019-01-21,250000.0,NGN,NGN/MT,WFP Nigeria Food Prices,retail,National,,,2026-03-21,0.9,True,WFP VAM data — converted from NGN/2.5KG to NGN/MT (×400),historical
Beans (white),2019-02-18,250000.0,NGN,NGN/MT,WFP Nigeria Food Prices,retail,National,,,2026-03-21,0.9,True,WFP VAM data — converted from NGN/2.5KG to NGN/MT (×400),historical
Beans (white),2019-03-18,250000.0,NGN,NGN/MT,WFP Nigeria Food Prices,retail,National,,,2026-03-21,0.9,True,WFP VAM data — converted from NGN/2.5KG to NGN/MT (×400),historical
Beans (white),2019-04-15,259600.0,NGN,NGN/MT,WFP Nigeria Food Prices,retail,National,,,2026-03-21,0.9,True,WFP VAM data — converted from NGN/2.5KG to NGN/MT (×400),historical
Beans (white),2019-05-20,250000.0,NGN,NGN/MT,WFP Nigeria Food Prices,retail,National,,,2026-03-21,0.9,True,WFP VAM data — converted from NGN/2.5KG to NGN/MT (×400),historical
Beans (white),2019-06-17,208400.0,NGN,NGN/MT,WFP Nigeria Food Prices,retail,National,,,2026-03-21,0.9,True,WFP VAM data — converted from NGN/2.5KG to NGN/MT (×400),historical
Beans (white),2019-07-15,166800.0,NGN,NGN/MT,WFP Nigeria Food Prices,retail,National,,,2026-03-21,0.9,True,WFP VAM data — converted from NGN/2.5KG to NGN/MT (×400),historical
Beans (white),2019-08-19,166800.0,NGN,NGN/MT,WFP Nigeria Food Prices,retail,National,,,2026-03-21,0.9,True,WFP VAM data — converted from NGN/2.5KG to NGN/MT (×400),historical
Beans (white),2019-09-16,187600.0,NGN,NGN/MT,WFP Nigeria Food Prices,retail,National,,,2026-03-21,0.9,True,WFP VAM data — converted from NGN/2.5KG to NGN/MT (×400),historical
Beans (white),2019-10-21,170000.0,NGN,NGN/MT,WFP Nigeria Food Prices,retail,National,,,2026-03-21,0.9,True,WFP VAM data — converted from NGN/2.5KG to NGN/MT (×400),historical
Beans (white),2019-11-18,167600.0,NGN,NGN/MT,WFP Nigeria Food Prices,retail,National,,,2026-03-21,0.9,True,WFP VAM data — converted from NGN/2.5KG to NGN/MT (×400),historical
Beans (white),2019-12-16,152000.0,NGN,NGN/MT,WFP Nigeria Food Prices,retail,National,,,2026-03-21,0.9,True,WFP VAM data — converted from NGN/2.5KG to NGN/MT (×400),historical
Beans (white),2020-01-20,125200.0,NGN,NGN/MT,WFP Nigeria Food Prices,retail,National,,,2026-03-21,0.9,True,WFP VAM data — converted from NGN/2.5KG to NGN/MT (×400),historical
Beans (white),2020-02-17,125200.0,NGN,NGN/MT,WFP Nigeria Food Prices,retail,National,,,2026-03-21,0.9,True,WFP VAM data — converted from NGN/2.5KG to NGN/MT (×400),historical
Beans (white),2020-03-16,154000.0,NGN,NGN/MT,WFP Nigeria Food Prices,retail,National,,,2026-03-21,0.9,True,WFP VAM data — converted from NGN/2.5KG to NGN/MT (×400),historical
Beans (white),2020-04-20,161600.0,NGN,NGN/MT,WFP Nigeria Food Prices,retail,National,,,2026-03-21,0.9,True,WFP VAM data — converted from NGN/2.5KG to NGN/MT (×400),historical
Beans (white),2020-05-18,168000.0,NGN,NGN/MT,WFP Nigeria Food Prices,retail,National,,,2026-03-21,0.9,True,WFP VAM data — converted from NGN/2.5KG to NGN/MT (×400),historical
Beans (white),2020-06-15,192400.0,NGN,NGN/MT,WFP Nigeria Food Prices,retail,National,,,2026-03-21,0.9,True,WFP VAM data — converted from NGN/2.5KG to NGN/MT (×400),historical
Beans (white),2020-07-20,239600.0,NGN,NGN/MT,WFP Nigeria Food Prices,retail,National,,,2026-03-21,0.9,True,WFP VAM data — converted from NGN/2.5KG to NGN/MT (×400),historical
Beans (white),2020-08-17,250000.0,NGN,NGN/MT,WFP Nigeria Food Prices,retail,National,,,2026-03-21,0.9,True,WFP VAM data — converted from NGN/2.5KG to NGN/MT (×400),historical
Beans (white),2020-09-21,250000.0,NGN,NGN/MT,WFP Nigeria Food Prices,retail,National,,,2026-03-21,0.9,True,WFP VAM data — converted from NGN/2.5KG to NGN/MT (×400),historical
Beans (white),2020-10-19,170000.0,NGN,NGN/MT,WFP Nigeria Food Prices,retail,National,,,2026-03-21,0.9,True,WFP VAM data — converted from NGN/2.5KG to NGN/MT (×400),historical
Beans (white),2020-11-16,256800.0,NGN,NGN/MT,WFP Nigeria Food Prices,retail,National,,,2026-03-21,0.9,True,WFP VAM data — converted from NGN/2.5KG to NGN/MT (×400),historical
Beans (white),2020-12-21,243600.0,NGN,NGN/MT,WFP Nigeria Food Prices,retail,National,,,2026-03-21,0.9,True,WFP VAM data — converted from NGN/2.5KG to NGN/MT (×400),historical
Beans (white),2021-01-18,268400.0,NGN,NGN/MT,WFP Nigeria Food Prices,retail,National,,,2026-03-21,0.9,True,WFP VAM data — converted from NGN/2.5KG to NGN/MT (×400),historical
Beans (white),2021-02-15,312400.0,NGN,NGN/MT,WFP Nigeria Food Prices,retail,National,,,2026-03-21,0.9,True,WFP VAM data — converted from NGN/2.5KG to NGN/MT (×400),historical
Beans (white),2021-03-15,432400.0,NGN,NGN/MT,WFP Nigeria Food Prices,retail,National,,,2026-03-21,0.9,True,WFP VAM data — converted from NGN/2.5KG to NGN/MT (×400),historical
Beans (white),2021-04-19,525200.0,NGN,NGN/MT,WFP Nigeria Food Prices,retail,National,,,2026-03-21,0.9,True,WFP VAM data — converted from NGN/2.5KG to NGN/MT (×400),historical
Beans (white),2021-05-17,469600.0,NGN,NGN/MT,WFP Nigeria Food Prices,retail,National,,,2026-03-21,0.9,True,WFP VAM data — converted from NGN/2.5KG to NGN/MT (×400),historical
Beans (white),2021-06-21,522400.0,NGN,NGN/MT,WFP Nigeria Food Prices,retail,National,,,2026-03-21,0.9,True,WFP VAM data — converted from NGN/2.5KG to NGN/MT (×400),historical
Beans (white),2021-07-19,557200.0,NGN,NGN/MT,WFP Nigeria Food Prices,retail,National,,,2026-03-21,0.9,True,WFP VAM data — converted from NGN/2.5KG to NGN/MT (×400),historical
Beans (white),2021-08-16,583200.0,NGN,NGN/MT,WFP Nigeria Food Prices,retail,National,,,2026-03-21,0.9,True,WFP VAM data — converted from NGN/2.5KG to NGN/MT (×400),historical
Beans (white),2021-09-20,586400.0,NGN,NGN/MT,WFP Nigeria Food Prices,retail,National,,,2026-03-21,0.9,True,WFP VAM data — converted from NGN/2.5KG to NGN/MT (×400),historical
Beans (white),2021-10-18,527600.0,NGN,NGN/MT,WFP Nigeria Food Prices,retail,National,,,2026-03-21,0.9,True,WFP VAM data — converted from NGN/2.5KG to NGN/MT (×400),historical
Beans (white),2021-11-15,416800.0,NGN,NGN/MT,WFP Nigeria Food Prices,retail,National,,,2026-03-21,0.9,True,WFP VAM data — converted from NGN/2.5KG to NGN/MT (×400),historical
Beans (white),2021-12-20,416800.0,NGN,NGN/MT,WFP Nigeria Food Prices,retail,National,,,2026-03-21,0.9,True,WFP VAM data — converted from NGN/2.5KG to NGN/MT (×400),historical
Beans (white),2022-01-17,458400.0,NGN,NGN/MT,WFP Nigeria Food Prices,retail,National,,,2026-03-21,0.9,True,WFP VAM data — converted from NGN/2.5KG to NGN/MT (×400),historical
Beans (white),2022-02-21,469200.0,NGN,NGN/MT,WFP Nigeria Food Prices,retail,National,,,2026-03-21,0.9,True,WFP VAM data — converted from NGN/2.5KG to NGN/MT (×400),historical
Beans (white),2022-03-21,539200.0,NGN,NGN/MT,WFP Nigeria Food Prices,retail,National,,,2026-03-21,0.9,True,WFP VAM data — converted from NGN/2.5KG to NGN/MT (×400),historical
Beans (white),2022-04-18,260800.0,NGN,NGN/MT,WFP Nigeria Food Prices,retail,National,,,2026-03-21,0.9,True,WFP VAM data — converted from NGN/2.5KG to NGN/MT (×400),historical
Beans (white),2022-05-16,520800.0,NGN,NGN/MT,WFP Nigeria Food Prices,retail,National,,,2026-03-21,0.9,True,WFP VAM data — converted from NGN/2.5KG to NGN/MT (×400),historical
Beans (white),2023-02-20,317600.0,NGN,NGN/MT,WFP Nigeria Food Prices,retail,National,,,2026-03-21,0.9,True,WFP VAM data — converted from NGN/2.5KG to NGN/MT (×400),historical
Beans (white),2023-03-20,310400.0,NGN,NGN/MT,WFP Nigeria Food Prices,retail,National,,,2026-03-21,0.9,True,WFP VAM data — converted from NGN/2.5KG to NGN/MT (×400),historical
Beans (white),2023-04-17,422400.0,NGN,NGN/MT,WFP Nigeria Food Prices,retail,National,,,2026-03-21,0.9,True,WFP VAM data — converted from NGN/2.5KG to NGN/MT (×400),historical
Beans (white),2023-05-15,448600.0,NGN,NGN/MT,WFP Nigeria Food Prices,retail,National,,,2026-03-21,0.9,True,WFP VAM data — converted from NGN/2.5KG to NGN/MT (×400),historical
Beans (white),2023-06-19,483334.0,NGN,NGN/MT,WFP Nigeria Food Prices,retail,National,,,2026-03-21,0.9,True,WFP VAM data — converted from NGN/2.5KG to NGN/MT (×400),historical
Beans (white),2023-07-17,560000.0,NGN,NGN/MT,WFP Nigeria Food Prices,retail,National,,,2026-03-21,0.9,True,WFP VAM data — converted from NGN/2.5KG to NGN/MT (×400),historical
Beans (white),2023-08-21,530372.0,NGN,NGN/MT,WFP Nigeria Food Prices,retail,National,,,2026-03-21,0.9,True,WFP VAM data — converted from NGN/2.5KG to NGN/MT (×400),historical
Beans (white),2023-09-18,590000.0,NGN,NGN/MT,WFP Nigeria Food Prices,retail,National,,,2026-03-21,0.9,True,WFP VAM data — converted from NGN/2.5KG to NGN/MT (×400),historical
Beans (white),2023-10-16,643870.0,NGN,NGN/MT,WFP Nigeria Food Prices,retail,National,,,2026-03-21,0.9,True,WFP VAM data — converted from NGN/2.5KG to NGN/MT (×400),historical
Beans (white),2023-11-20,736152.0,NGN,NGN/MT,WFP Nigeria Food Prices,retail,National,,,2026-03-21,0.9,True,WFP VAM data — converted from NGN/2.5KG to NGN/MT (×400),historical
Beans (white),2023-12-18,680000.0,NGN,NGN/MT,WFP Nigeria Food Prices,retail,National,,,2026-03-21,0.9,True,WFP VAM data — converted from NGN/2.5KG to NGN/MT (×400),historical
Beans (white),2024-01-15,833332.0,NGN,NGN/MT,WFP Nigeria Food Prices,retail,National,,,2026-03-21,0.9,True,WFP VAM data — converted from NGN/2.5KG to NGN/MT (×400),historical
Beans (white),2024-02-19,947272.0,NGN,NGN/MT,WFP Nigeria Food Prices,retail,National,,,2026-03-21,0.9,True,WFP VAM data — converted from NGN/2.5KG to NGN/MT (×400),historical
Beans (white),2024-03-18,1118334.0,NGN,NGN/MT,WFP Nigeria Food Prices,retail,National,,,2026-03-21,0.9,True,WFP VAM data — converted from NGN/2.5KG to NGN/MT (×400),historical
Beans (white),2024-04-15,1149334.0,NGN,NGN/MT,WFP Nigeria Food Prices,retail,National,,,2026-03-21,0.9,True,WFP VAM data — converted from NGN/2.5KG to NGN/MT (×400),historical
Beans (white),2024-05-20,1347192.0,NGN,NGN/MT,WFP Nigeria Food Prices,retail,National,,,2026-03-21,0.9,True,WFP VAM data — converted from NGN/2.5KG to NGN/MT (×400),historical
Beans (white),2024-06-17,1824000.0,NGN,NGN/MT,WFP Nigeria Food Prices,retail,National,,,2026-03-21,0.9,True,WFP VAM data — converted from NGN/2.5KG to NGN/MT (×400),historical
Beans (white),2024-10-21,1581936.0,NGN,NGN/MT,WFP Nigeria Food Prices,retail,National,,,2026-03-21,0.9,True,WFP VAM data — converted from NGN/2.5KG to NGN/MT (×400),historical
Beans (white),2024-11-18,1200000.0,NGN,NGN/MT,WFP Nigeria Food Prices,retail,National,,,2026-03-21,0.9,True,WFP VAM data — converted from NGN/2.5KG to NGN/MT (×400),historical
Beans (white),2024-12-16,1143636.0,NGN,NGN/MT,WFP Nigeria Food Prices,retail,National,,,2026-03-21,0.9,True,WFP VAM data — converted from NGN/2.5KG to NGN/MT (×400),historical
Beans (white),2025-01-20,1180000.0,NGN,NGN/MT,WFP Nigeria Food Prices,retail,National,,,2026-03-21,0.9,True,WFP VAM data — converted from NGN/2.5KG to NGN/MT (×400),historical
Beans (white),2025-02-17,1144284.0,NGN,NGN/MT,WFP Nigeria Food Prices,retail,National,,,2026-03-21,0.9,True,WFP VAM data — converted from NGN/2.5KG to NGN/MT (×400),historical
Beans (white),2025-03-17,1140000.0,NGN,NGN/MT,WFP Nigeria Food Prices,retail,National,,,2026-03-21,0.9,True,WFP VAM data — converted from NGN/2.5KG to NGN/MT (×400),historical
Beans (white),2025-04-21,1000000.0,NGN,NGN/MT,WFP Nigeria Food Prices,retail,National,,,2026-03-21,0.9,True,WFP VAM data — converted from NGN/2.5KG to NGN/MT (×400),historical
Beans (white),2025-05-19,1000000.0,NGN,NGN/MT,WFP Nigeria Food Prices,retail,National,,,2026-03-21,0.9,True,WFP VAM data — converted from NGN/2.5KG to NGN/MT (×400),historical
Beans (white),2025-06-16,1000000.0,NGN,NGN/MT,WFP Nigeria Food Prices,retail,National,,,2026-03-21,0.9,True,WFP VAM data — converted from NGN/2.5KG to NGN/MT (×400),historical
Beans (white),2025-07-21,998708.0,NGN,NGN/MT,WFP Nigeria Food Prices,retail,National,,,2026-03-21,0.9,True,WFP VAM data — converted from NGN/2.5KG to NGN/MT (×400),historical
Beans (white),2025-08-18,926668.0,NGN,NGN/MT,WFP Nigeria Food Prices,retail,National,,,2026-03-21,0.9,True,WFP VAM data — converted from NGN/2.5KG to NGN/MT (×400),historical
Beans (white),2025-09-15,860868.0,NGN,NGN/MT,WFP Nigeria Food Prices,retail,National,,,2026-03-21,0.9,True,WFP VAM data — converted from NGN/2.5KG to NGN/MT (×400),historical
Beans (white),2025-10-20,775484.0,NGN,NGN/MT,WFP Nigeria Food Prices,retail,National,,,2026-03-21,0.9,True,WFP VAM data — converted from NGN/2.5KG to NGN/MT (×400),historical
Beans (white),2025-11-17,730000.0,NGN,NGN/MT,WFP Nigeria Food Prices,retail,National,,,2026-03-21,0.9,True,WFP VAM data — converted from NGN/2.5KG to NGN/MT (×400),historical
Beans (white),2025-12-15,586250.0,NGN,NGN/MT,WFP Nigeria Food Prices,retail,National,,,2026-03-21,0.9,True,WFP VAM data — converted from NGN/2.5KG to NGN/MT (×400),historical
Beans (white),2026-01-19,513000.0,NGN,NGN/MT,WFP Nigeria Food Prices,retail,National,,,2026-03-21,0.9,True,WFP VAM data — converted from NGN/2.5KG to NGN/MT (×400),historical
Beans (white),2026-02-16,618928.0,NGN,NGN/MT,WFP Nigeria Food Prices,retail,National,,,2026-03-21,0.9,True,WFP VAM data — converted from NGN/2.5KG to NGN/MT (×400),historical
Beans (white),2026-03-16,813334.0,NGN,NGN/MT,WFP Nigeria Food Prices,retail,National,,,2026-03-21,0.9,True,WFP VAM data — converted from NGN/2.5KG to NGN/MT (×400),historical
Beans (white),2026-03-21,984722.0,NGN,NGN/MT,Agrolinking Forecast,wholesale,National,1650.0,,2026-03-21,0.9,False,"model=ensemble | daily_change=stable | weekly=₦1,030,134 | biweekly=₦1,112,545",forecast
Beans (white),2026-03-23,1025146.0,NGN,NGN/MT,Agrolinking Forecast,wholesale,National,1650.0,,2026-03-23,0.9,False,"model=ensemble | daily_chg=+26.0% | weekly=₦1,066,964 | biweekly=₦1,114,712 | 1m=₦924,032 | 3m=₦893,669 | 6m=₦837,074",forecast
Beans (white),2026-03-24,1039027.0,NGN,NGN/MT,Agrolinking Forecast,wholesale,National,1650.0,,2026-03-24,0.9,False,"model=ensemble | daily_chg=stable | weekly=₦1,078,893 | biweekly=₦1,137,295 | 1m=₦939,993 | 3m=₦886,808 | 6m=₦848,132",forecast
Beans (white),2026-03-25,1052018.0,NGN,NGN/MT,Agrolinking Forecast,wholesale,National,1650.0,,2026-03-25,0.9,False,"model=ensemble | daily_chg=stable | weekly=₦1,060,087 | biweekly=₦1,076,155 | 1m=₦934,503 | 3m=₦918,754 | 6m=₦834,395",forecast
Beans (white),2026-03-26,1066390.0,NGN,NGN/MT,Agrolinking Forecast,wholesale,National,1650.0,,2026-03-26,0.9,False,"model=ensemble | daily_chg=stable | weekly=₦1,074,838 | biweekly=₦1,092,064 | 1m=₦897,919 | 3m=₦867,879 | 6m=₦814,306",forecast
Beans (white),2026-03-27,862134.0,NGN,NGN/MT,Agrolinking Forecast,wholesale,National,1650.0,,2026-03-27,0.9,False,"model=ensemble | daily_chg=stable | weekly=₦862,134 | biweekly=₦862,134 | 1m=₦874,275 | 3m=₦866,430 | 6m=₦802,795",forecast
Beans (white),2026-03-29,764534.0,NGN,NGN/MT,Agrolinking Forecast,wholesale,National,1650.0,,2026-03-29,0.9,False,"model=ensemble | daily_chg=-6.0% | weekly=₦764,534 | biweekly=₦764,534 | 1m=₦956,903 | 3m=₦961,836 | 6m=₦846,134",forecast
Beans (white),2026-03-30,1162300.0,NGN,NGN/MT,Agrolinking AI Pipeline,forecast,National,,,2026-03-30,0.85,True,AI forecast generated 2026-03-30,forecast
Beans (white),2026-03-31,1162300.0,NGN,NGN/MT,Agrolinking AI Pipeline,forecast,National,,,2026-03-31,0.85,True,AI forecast generated 2026-03-31,forecast
Beans (white),2026-04-01,1162300.0,NGN,NGN/MT,Agrolinking AI Pipeline,forecast,National,,,2026-04-01,0.85,True,AI forecast generated 2026-04-01,forecast
Beans (white),2026-04-02,1162300.0,NGN,NGN/MT,Agrolinking AI Pipeline,forecast,National,,,2026-04-02,0.85,True,AI forecast generated 2026-04-02,forecast
Beans (white),2026-04-03,1162300.0,NGN,NGN/MT,Agrolinking AI Pipeline,forecast,National,,,2026-04-03,0.85,True,AI forecast generated 2026-04-03,forecast
Beans (white),2026-04-04,1132800.0,NGN,NGN/MT,Agrolinking AI Pipeline,forecast,National,,,2026-04-04,0.85,True,AI forecast generated 2026-04-04,forecast
Beans (white),2026-04-05,764534.0,NGN,NGN/MT,Agrolinking AI Pipeline,forecast,National,,,2026-03-29,0.85,True,AI forecast generated 2026-03-29,forecast
Beans (white),2026-04-06,1144600.0,NGN,NGN/MT,Agrolinking AI Pipeline,forecast,National,,,2026-03-30,0.85,True,AI forecast generated 2026-03-30,forecast
Beans (white),2026-04-07,1144600.0,NGN,NGN/MT,Agrolinking AI Pipeline,forecast,National,,,2026-03-31,0.85,True,AI forecast generated 2026-03-31,forecast
Beans (white),2026-04-08,1144600.0,NGN,NGN/MT,Agrolinking AI Pipeline,forecast,National,,,2026-04-01,0.85,True,AI forecast generated 2026-04-01,forecast
Beans (white),2026-04-09,1144600.0,NGN,NGN/MT,Agrolinking AI Pipeline,forecast,National,,,2026-04-02,0.85,True,AI forecast generated 2026-04-02,forecast
Beans (white),2026-04-10,1144600.0,NGN,NGN/MT,Agrolinking AI Pipeline,forecast,National,,,2026-04-03,0.85,True,AI forecast generated 2026-04-03,forecast
Beans (white),2026-04-11,1109200.0,NGN,NGN/MT,Agrolinking AI Pipeline,forecast,National,,,2026-04-04,0.85,True,AI forecast generated 2026-04-04,forecast
Beans (white),2026-04-12,764534.0,NGN,NGN/MT,Agrolinking AI Pipeline,forecast,National,,,2026-03-29,0.85,True,AI forecast generated 2026-03-29,forecast
Beans (white),2026-04-13,1121000.0,NGN,NGN/MT,Agrolinking AI Pipeline,forecast,National,,,2026-03-30,0.85,True,AI forecast generated 2026-03-30,forecast
Beans (white),2026-04-14,1121000.0,NGN,NGN/MT,Agrolinking AI Pipeline,forecast,National,,,2026-03-31,0.85,True,AI forecast generated 2026-03-31,forecast
Beans (white),2026-04-15,1180459.0,NGN,NGN/MT,Agrolinking AI Pipeline,forecast,National,,,2026-04-15,0.85,True,AI daily forecast 2026-04-15,forecast
Beans (white),2026-04-16,1166194.0,NGN,NGN/MT,Agrolinking AI Pipeline,forecast,National,,,2026-04-16,0.85,True,AI daily forecast 2026-04-16,forecast
Beans (white),2026-04-17,1196288.0,NGN,NGN/MT,Agrolinking AI Pipeline,forecast,National,,,2026-04-17,0.85,True,AI daily forecast 2026-04-17,forecast
Cashew Nuts,2025-01-08,2100000.0,NGN,NGN/MT,Agricom,wholesale,National,1650.0,,2026-03-10,0.95,True,Historical data from Instagram posts (Jan-Feb 2025),historical
Cashew Nuts,2025-01-09,2100000.0,NGN,NGN/MT,Agricom,wholesale,National,1650.0,,2026-03-10,0.95,True,Historical data from Instagram posts (Jan-Feb 2025),historical
Cashew Nuts,2025-01-10,2100000.0,NGN,NGN/MT,Agricom,wholesale,National,1650.0,,2026-03-10,0.95,True,Historical data from Instagram posts (Jan-Feb 2025),historical
Cashew Nuts,2025-01-13,2100000.0,NGN,NGN/MT,Agricom,wholesale,National,1650.0,,2026-03-10,0.95,True,Historical data from Instagram posts (Jan-Feb 2025),historical
Cashew Nuts,2025-01-14,2100000.0,NGN,NGN/MT,Agricom,wholesale,National,1650.0,,2026-03-10,0.95,True,Historical data from Instagram posts (Jan-Feb 2025),historical
Cashew Nuts,2025-01-15,2100000.0,NGN,NGN/MT,Agricom,wholesale,National,1650.0,,2026-03-10,0.95,True,Historical data from Instagram posts (Jan-Feb 2025),historical
Cashew Nuts,2025-01-16,2000000.0,NGN,NGN/MT,Agricom,wholesale,National,1650.0,,2026-03-10,0.95,True,Historical data from Instagram posts (Jan-Feb 2025),historical
Cashew Nuts,2025-01-17,2000000.0,NGN,NGN/MT,Agricom,wholesale,National,1650.0,,2026-03-10,0.95,True,Historical data from Instagram posts (Jan-Feb 2025),historical
Cashew Nuts,2025-01-20,2000000.0,NGN,NGN/MT,Agricom,wholesale,National,1650.0,,2026-03-10,0.95,True,Historical data from Instagram posts (Jan-Feb 2025),historical
Cashew Nuts,2025-01-21,2000000.0,NGN,NGN/MT,Agricom,wholesale,National,1650.0,,2026-03-10,0.95,True,Historical data from Instagram posts (Jan-Feb 2025),historical
Cashew Nuts,2025-01-22,1850000.0,NGN,NGN/MT,Agricom,wholesale,National,1650.0,,2026-03-10,0.95,True,Historical data from Instagram posts (Jan-Feb 2025),historical
Cashew Nuts,2025-01-23,1850000.0,NGN,NGN/MT,Agricom,wholesale,National,1650.0,,2026-03-10,0.95,True,Historical data from Instagram posts (Jan-Feb 2025),historical
Cashew Nuts,2025-01-24,1700000.0,NGN,NGN/MT,Agricom,wholesale,National,1650.0,,2026-03-10,0.95,True,Historical data from Instagram posts (Jan-Feb 2025),historical
Cashew Nuts,2025-01-27,1650000.0,NGN,NGN/MT,Agricom,wholesale,National,1650.0,,2026-03-10,0.95,True,Historical data from Instagram posts (Jan-Feb 2025),historical
Cashew Nuts,2025-01-28,1550000.0,NGN,NGN/MT,Agricom,wholesale,National,1650.0,,2026-03-10,0.95,True,Historical data from Instagram posts (Jan-Feb 2025),historical
Cashew Nuts,2025-01-29,1550000.0,NGN,NGN/MT,Agricom,wholesale,National,1650.0,,2026-03-10,0.95,True,Historical data from Instagram posts (Jan-Feb 2025),historical
Cashew Nuts,2025-01-30,1450000.0,NGN,NGN/MT,Agricom,wholesale,National,1650.0,,2026-03-10,0.95,True,Historical data from Instagram posts (Jan-Feb 2025),historical
Cashew Nuts,2025-01-31,1380000.0,NGN,NGN/MT,Agricom,wholesale,National,1650.0,,2026-03-10,0.95,True,Historical data from Instagram posts (Jan-Feb 2025),historical
Cashew Nuts,2025-02-03,1320000.0,NGN,NGN/MT,Agricom,wholesale,National,1650.0,,2026-03-10,0.95,True,Historical data from Instagram posts (Jan-Feb 2025),historical
Cashew Nuts,2025-02-04,1320000.0,NGN,NGN/MT,Agricom,wholesale,National,1650.0,,2026-03-10,0.95,True,Historical data from Instagram posts (Jan-Feb 2025),historical
Cashew Nuts,2025-02-05,1320000.0,NGN,NGN/MT,Agricom,wholesale,National,1650.0,,2026-03-10,0.95,True,Historical data from Instagram posts (Jan-Feb 2025),historical
Cashew Nuts,2025-02-06,1320000.0,NGN,NGN/MT,Agricom,wholesale,National,1650.0,,2026-03-10,0.95,True,Historical data from Instagram posts (Jan-Feb 2025),historical
Cashew Nuts,2025-02-07,1320000.0,NGN,NGN/MT,Agricom,wholesale,National,1650.0,,2026-03-10,0.95,True,Historical data from Instagram posts (Jan-Feb 2025),historical
Cashew Nuts,2025-02-10,1350000.0,NGN,NGN/MT,Agricom,wholesale,National,1650.0,,2026-03-10,0.95,True,Historical data from Instagram posts (Jan-Feb 2025),historical
Cashew Nuts,2025-02-11,1350000.0,NGN,NGN/MT,Agricom,wholesale,National,1650.0,,2026-03-10,0.95,True,Historical data from Instagram posts (Jan-Feb 2025),historical
Cashew Nuts,2025-02-13,1350000.0,NGN,NGN/MT,Agricom,wholesale,National,1650.0,,2026-03-10,0.95,True,Historical data from Instagram posts (Jan-Feb 2025),historical
Cashew Nuts,2025-02-14,1850000.0,NGN,NGN/MT,Agricom,wholesale,National,1650.0,,2026-03-10,0.95,True,Historical data from Instagram posts (Jan-Feb 2025),historical
Cashew Nuts,2025-02-17,1850000.0,NGN,NGN/MT,Agricom,wholesale,National,1650.0,,2026-03-10,0.95,True,Historical data from Instagram posts (Jan-Feb 2025),historical
Cashew Nuts,2025-02-18,1850000.0,NGN,NGN/MT,Agricom,wholesale,National,1650.0,,2026-03-10,0.95,True,Historical data from Instagram posts (Jan-Feb 2025),historical
Cashew Nuts,2025-02-19,1945000.0,NGN,NGN/MT,Agricom,wholesale,National,1650.0,,2026-03-10,0.95,True,Historical data from Instagram posts (Jan-Feb 2025),historical
Cashew Nuts,2025-02-20,1945000.0,NGN,NGN/MT,Agricom,wholesale,National,1650.0,,2026-03-10,0.95,True,Historical data from Instagram posts (Jan-Feb 2025),historical
Cashew Nuts,2025-02-21,1945000.0,NGN,NGN/MT,Agricom,wholesale,National,1650.0,,2026-03-10,0.95,True,Historical data from Instagram posts (Jan-Feb 2025),historical
Cashew Nuts,2025-02-24,1900000.0,NGN,NGN/MT,Agricom,wholesale,National,1650.0,,2026-03-10,0.95,True,Historical data from Instagram posts (Jan-Feb 2025),historical
Cashew Nuts,2025-02-25,1900000.0,NGN,NGN/MT,Agricom,wholesale,National,1650.0,,2026-03-10,0.95,True,Historical data from Instagram posts (Jan-Feb 2025),historical
Cashew Nuts,2025-02-26,1900000.0,NGN,NGN/MT,Agricom,wholesale,National,1650.0,,2026-03-10,0.95,True,Historical data from Instagram posts (Jan-Feb 2025),historical
Cashew Nuts,2025-02-27,1900000.0,NGN,NGN/MT,Agricom,wholesale,National,1650.0,,2026-03-10,0.95,True,Historical data from Instagram posts (Jan-Feb 2025),historical
Cashew Nuts,2025-02-28,1900000.0,NGN,NGN/MT,Agricom,wholesale,National,1650.0,,2026-03-10,0.95,True,Historical data from Instagram posts (Jan-Feb 2025),historical
Cashew Nuts,2025-06-10,2300000.0,NGN,NGN/MT,Agricom,wholesale,National,1650.0,,2026-03-06,0.95,True,Historical data from Instagram posts (June-July 2025),historical
Cashew Nuts,2025-06-11,2300000.0,NGN,NGN/MT,Agricom,wholesale,National,1650.0,,2026-03-06,0.95,True,Historical data from Instagram posts (June-July 2025),historical
Cashew Nuts,2025-06-13,2300000.0,NGN,NGN/MT,Agricom,wholesale,National,1650.0,,2026-03-06,0.95,True,Historical data from Instagram posts (June-July 2025),historical
Cashew Nuts,2025-06-16,2300000.0,NGN,NGN/MT,Agricom,wholesale,National,1650.0,,2026-03-06,0.95,True,Historical data from Instagram posts (June-July 2025),historical
Cashew Nuts,2025-06-17,2300000.0,NGN,NGN/MT,Agricom,wholesale,National,1650.0,,2026-03-06,0.95,True,Historical data from Instagram posts (June-July 2025),historical
Cashew Nuts,2025-06-18,2300000.0,NGN,NGN/MT,Agricom,wholesale,National,1650.0,,2026-03-06,0.95,True,Historical data from Instagram posts (June-July 2025),historical
Cashew Nuts,2025-06-19,2300000.0,NGN,NGN/MT,Agricom,wholesale,National,1650.0,,2026-03-06,0.95,True,Historical data from Instagram posts (June-July 2025),historical
Cashew Nuts,2025-06-20,2300000.0,NGN,NGN/MT,Agricom,wholesale,National,1650.0,,2026-03-06,0.95,True,Historical data from Instagram posts (June-July 2025),historical
Cashew Nuts,2025-06-23,2300000.0,NGN,NGN/MT,Agricom,wholesale,National,1650.0,,2026-03-06,0.95,True,Historical data from Instagram posts (June-July 2025),historical
Cashew Nuts,2025-06-24,2300000.0,NGN,NGN/MT,Agricom,wholesale,National,1650.0,,2026-03-06,0.95,True,Historical data from Instagram posts (June-July 2025),historical
Cashew Nuts,2025-06-25,2300000.0,NGN,NGN/MT,Agricom,wholesale,National,1650.0,,2026-03-06,0.95,True,Historical data from Instagram posts (June-July 2025),historical
Cashew Nuts,2025-06-26,2300000.0,NGN,NGN/MT,Agricom,wholesale,National,1650.0,,2026-03-06,0.95,True,Historical data from Instagram posts (June-July 2025),historical
Cashew Nuts,2025-06-27,2300000.0,NGN,NGN/MT,Agricom,wholesale,National,1650.0,,2026-03-06,0.95,True,Historical data from Instagram posts (June-July 2025),historical
Cashew Nuts,2025-06-30,2300000.0,NGN,NGN/MT,Agricom,wholesale,National,1650.0,,2026-03-06,0.95,True,Historical data from Instagram posts (June-July 2025),historical
Cashew Nuts,2025-07-01,2300000.0,NGN,NGN/MT,Agricom,wholesale,National,1650.0,,2026-03-06,0.95,True,Historical data from Instagram posts (June-July 2025),historical
Cashew Nuts,2025-07-02,2300000.0,NGN,NGN/MT,Agricom,wholesale,National,1650.0,,2026-03-06,0.95,True,Historical data from Instagram posts (June-July 2025),historical
Cashew Nuts,2025-07-03,2300000.0,NGN,NGN/MT,Agricom,wholesale,National,1650.0,,2026-03-06,0.95,True,Historical data from Instagram posts (June-July 2025),historical
Cashew Nuts,2025-07-04,2300000.0,NGN,NGN/MT,Agricom,wholesale,National,1650.0,,2026-03-06,0.95,True,Historical data from Instagram posts (June-July 2025),historical
Cashew Nuts,2025-07-07,2300000.0,NGN,NGN/MT,Agricom,wholesale,National,1650.0,,2026-03-06,0.95,True,Historical data from Instagram posts (June-July 2025),historical
Cashew Nuts,2025-07-08,2300000.0,NGN,NGN/MT,Agricom,wholesale,National,1650.0,,2026-03-06,0.95,True,Historical data from Instagram posts (June-July 2025),historical
Cashew Nuts,2025-07-09,2300000.0,NGN,NGN/MT,Agricom,wholesale,National,1650.0,,2026-03-06,0.95,True,Historical data from Instagram posts (June-July 2025),historical
Cashew Nuts,2025-07-10,2300000.0,NGN,NGN/MT,Agricom,wholesale,National,1650.0,,2026-03-06,0.95,True,Historical data from Instagram posts (June-July 2025),historical
Cashew Nuts,2025-07-11,2300000.0,NGN,NGN/MT,Agricom,wholesale,National,1650.0,,2026-03-06,0.95,True,Historical data from Instagram posts (June-July 2025),historical
Cashew Nuts,2025-07-14,2300000.0,NGN,NGN/MT,Agricom,wholesale,National,1650.0,,2026-03-06,0.95,True,Historical data from Instagram posts (June-July 2025),historical
Cashew Nuts,2025-07-15,2300000.0,NGN,NGN/MT,Agricom,wholesale,National,1650.0,,2026-03-06,0.95,True,Historical data from Instagram posts (June-July 2025),historical
Cashew Nuts,2025-07-16,2300000.0,NGN,NGN/MT,Agricom,wholesale,National,1650.0,,2026-03-06,0.95,True,Historical data from Instagram posts (June-July 2025),historical
Cashew Nuts,2025-07-17,2300000.0,NGN,NGN/MT,Agricom,wholesale,National,1650.0,,2026-03-06,0.95,True,Historical data from Instagram posts (June-July 2025),historical
Cashew Nuts,2025-07-18,2350000.0,NGN,NGN/MT,Agricom,wholesale,National,1650.0,,2026-03-06,0.95,True,Historical data from Instagram posts (June-July 2025),historical
Cashew Nuts,2025-07-21,2370000.0,NGN,NGN/MT,Agricom,wholesale,National,1650.0,,2026-03-06,0.95,True,Historical data from Instagram posts (June-July 2025),historical
Cashew Nuts,2025-07-22,2370000.0,NGN,NGN/MT,Agricom,wholesale,National,1650.0,,2026-03-06,0.95,True,Historical data from Instagram posts (June-July 2025),historical
Cashew Nuts,2025-07-23,2370000.0,NGN,NGN/MT,Agricom,wholesale,National,1650.0,,2026-03-06,0.95,True,Historical data from Instagram posts (June-July 2025),historical
Cashew Nuts,2025-07-24,2370000.0,NGN,NGN/MT,Agricom,wholesale,National,1650.0,,2026-03-06,0.95,True,Historical data from Instagram posts (June-July 2025),historical
Cashew Nuts,2025-09-01,2500000.0,NGN,NGN/MT,Agricom,wholesale,National,1650.0,,2026-03-03,0.95,True,Historical data from Instagram posts,historical
Cashew Nuts,2025-09-03,2500000.0,NGN,NGN/MT,Agricom,wholesale,National,1650.0,,2026-03-03,0.95,True,Historical data from Instagram posts,historical
Cashew Nuts,2025-09-04,2500000.0,NGN,NGN/MT,Agricom,wholesale,National,1650.0,,2026-03-03,0.95,True,Historical data from Instagram posts,historical
Cashew Nuts,2025-09-08,2500000.0,NGN,NGN/MT,Agricom,wholesale,National,1650.0,,2026-03-03,0.95,True,Historical data from Instagram posts,historical
Cashew Nuts,2025-09-09,2500000.0,NGN,NGN/MT,Agricom,wholesale,National,1650.0,,2026-03-03,0.95,True,Historical data from Instagram posts,historical
Cashew Nuts,2025-09-10,2500000.0,NGN,NGN/MT,Agricom,wholesale,National,1650.0,,2026-03-03,0.95,True,Historical data from Instagram posts,historical
Cashew Nuts,2025-09-11,2500000.0,NGN,NGN/MT,Agricom,wholesale,National,1650.0,,2026-03-03,0.95,True,Historical data from Instagram posts,historical
Cashew Nuts,2025-09-12,2500000.0,NGN,NGN/MT,Agricom,wholesale,National,1650.0,,2026-03-03,0.95,True,Historical data from Instagram posts,historical
Cashew Nuts,2025-09-15,2500000.0,NGN,NGN/MT,Agricom,wholesale,National,1650.0,,2026-03-03,0.95,True,Historical data from Instagram posts,historical
Cashew Nuts,2025-09-16,2500000.0,NGN,NGN/MT,Agricom,wholesale,National,1650.0,,2026-03-03,0.95,True,Historical data from Instagram posts,historical
Cashew Nuts,2025-09-17,2500000.0,NGN,NGN/MT,Agricom,wholesale,National,1650.0,,2026-03-03,0.95,True,Historical data from Instagram posts,historical
Cashew Nuts,2025-09-18,2500000.0,NGN,NGN/MT,Agricom,wholesale,National,1650.0,,2026-03-03,0.95,True,Historical data from Instagram posts,historical
Cashew Nuts,2025-09-19,2500000.0,NGN,NGN/MT,Agricom,wholesale,National,1650.0,,2026-03-03,0.95,True,Historical data from Instagram posts,historical
Cashew Nuts,2025-09-22,2500000.0,NGN,NGN/MT,Agricom,wholesale,National,1650.0,,2026-03-03,0.95,True,Historical data from Instagram posts,historical
Cashew Nuts,2025-09-23,2500000.0,NGN,NGN/MT,Agricom,wholesale,National,1650.0,,2026-03-03,0.95,True,Historical data from Instagram posts,historical
Cashew Nuts,2025-09-24,2500000.0,NGN,NGN/MT,Agricom,wholesale,National,1650.0,,2026-03-03,0.95,True,Historical data from Instagram posts,historical
Cashew Nuts,2025-09-25,2500000.0,NGN,NGN/MT,Agricom,wholesale,National,1650.0,,2026-03-03,0.95,True,Historical data from Instagram posts,historical
Cashew Nuts,2025-09-26,2500000.0,NGN,NGN/MT,Agricom,wholesale,National,1650.0,,2026-03-03,0.95,True,Historical data from Instagram posts,historical
Cashew Nuts,2025-09-29,2500000.0,NGN,NGN/MT,Agricom,wholesale,National,1650.0,,2026-03-03,0.95,True,Historical data from Instagram posts,historical
Cashew Nuts,2025-09-30,2500000.0,NGN,NGN/MT,Agricom,wholesale,National,1650.0,,2026-03-03,0.95,True,Historical data from Instagram posts,historical
Cashew Nuts,2025-10-02,2500000.0,NGN,NGN/MT,Agricom,wholesale,National,1650.0,,2026-03-03,0.95,True,Historical data from Instagram posts,historical
Cashew Nuts,2025-10-03,2500000.0,NGN,NGN/MT,Agricom,wholesale,National,1650.0,,2026-03-03,0.95,True,Historical data from Instagram posts,historical
Cashew Nuts,2025-10-06,2500000.0,NGN,NGN/MT,Agricom,wholesale,National,1650.0,,2026-03-03,0.95,True,Historical data from Instagram posts,historical
Cashew Nuts,2025-10-07,2500000.0,NGN,NGN/MT,Agricom,wholesale,National,1650.0,,2026-03-03,0.95,True,Historical data from Instagram posts,historical
Cashew Nuts,2025-10-08,2500000.0,NGN,NGN/MT,Agricom,wholesale,National,1650.0,,2026-03-03,0.95,True,Historical data from Instagram posts,historical
Cashew Nuts,2025-10-09,2500000.0,NGN,NGN/MT,Agricom,wholesale,National,1650.0,,2026-03-03,0.95,True,Historical data from Instagram posts,historical
Cashew Nuts,2025-10-10,2500000.0,NGN,NGN/MT,Agricom,wholesale,National,1650.0,,2026-03-03,0.95,True,Historical data from Instagram posts,historical
Cashew Nuts,2025-10-13,2500000.0,NGN,NGN/MT,Agricom,wholesale,National,1650.0,,2026-03-03,0.95,True,Historical data from Instagram posts,historical
Cashew Nuts,2025-10-14,2500000.0,NGN,NGN/MT,Agricom,wholesale,National,1650.0,,2026-03-03,0.95,True,Historical data from Instagram posts,historical
Cashew Nuts,2025-10-15,2500000.0,NGN,NGN/MT,Agricom,wholesale,National,1650.0,,2026-03-03,0.95,True,Historical data from Instagram posts,historical
Cashew Nuts,2025-10-16,2500000.0,NGN,NGN/MT,Agricom,wholesale,National,1650.0,,2026-03-03,0.95,True,Historical data from Instagram posts,historical
Cashew Nuts,2025-10-17,2500000.0,NGN,NGN/MT,Agricom,wholesale,National,1650.0,,2026-03-03,0.95,True,Historical data from Instagram posts,historical
Cashew Nuts,2025-10-20,2500000.0,NGN,NGN/MT,Agricom,wholesale,National,1650.0,,2026-03-03,0.95,True,Historical data from Instagram posts,historical
Cashew Nuts,2025-10-21,2500000.0,NGN,NGN/MT,Agricom,wholesale,National,1650.0,,2026-03-03,0.95,True,Historical data from Instagram posts,historical
Cashew Nuts,2025-10-22,2500000.0,NGN,NGN/MT,Agricom,wholesale,National,1650.0,,2026-03-03,0.95,True,Historical data from Instagram posts,historical
Cashew Nuts,2025-10-23,2500000.0,NGN,NGN/MT,Agricom,wholesale,National,1650.0,,2026-03-03,0.95,True,Historical data from Instagram posts,historical
Cashew Nuts,2025-10-24,2500000.0,NGN,NGN/MT,Agricom,wholesale,National,1650.0,,2026-03-03,0.95,True,Historical data from Instagram posts,historical
Cashew Nuts,2025-10-27,2100000.0,NGN,NGN/MT,Agricom,wholesale,National,1650.0,,2026-02-27,0.95,True,From Agricom Threads - Oct 31,historical
Cashew Nuts,2025-11-03,2000000.0,NGN,NGN/MT,Agricom,wholesale,National,1650.0,,2026-02-27,0.95,True,From Agricom Threads - Nov 7,historical
Cashew Nuts,2025-11-10,2000000.0,NGN,NGN/MT,Agricom,wholesale,National,1650.0,,2026-02-27,0.95,True,From Agricom Threads - Nov 14,historical
Cashew Nuts,2025-11-17,2000000.0,NGN,NGN/MT,Agricom,wholesale,National,1650.0,,2026-02-27,0.95,True,From Agricom Threads - Nov 24,historical
Cashew Nuts,2025-11-24,1900000.0,NGN,NGN/MT,Agricom,wholesale,National,1650.0,,2026-02-27,0.95,True,From Agricom Threads - Nov 28,historical
Cashew Nuts,2025-12-01,1900000.0,NGN,NGN/MT,Agricom,wholesale,National,1650.0,,2026-02-27,0.95,True,From Agricom Threads - Dec 5,historical
Cashew Nuts,2025-12-08,1900000.0,NGN,NGN/MT,Agricom,wholesale,National,1650.0,,2026-02-27,0.95,True,From Agricom Threads - Dec 12,historical
Cashew Nuts,2025-12-15,1900000.0,NGN,NGN/MT,Agricom,wholesale,National,1650.0,,2026-02-27,0.95,True,From Agricom Threads - Dec 19,historical
Cashew Nuts,2025-12-22,1900000.0,NGN,NGN/MT,Agricom,wholesale,National,1650.0,,2026-02-27,0.95,True,From Agricom Threads - Dec 23,historical
Cashew Nuts,2025-12-29,1900000.0,NGN,NGN/MT,Agricom,wholesale,National,1650.0,,2026-02-27,0.95,True,From Agricom Threads - Dec 30,historical
Cashew Nuts,2026-01-05,1700000.0,NGN,NGN/MT,Agricom,wholesale,National,1650.0,,2026-02-27,0.95,True,From Agricom Threads - Jan 9,historical
Cashew Nuts,2026-01-12,1500000.0,NGN,NGN/MT,Agricom,wholesale,National,1650.0,,2026-02-27,0.95,True,From Agricom Threads - Jan 16,historical
Cashew Nuts,2026-01-19,1450000.0,NGN,NGN/MT,Agricom,wholesale,National,1650.0,,2026-02-27,0.95,True,From Agricom Threads - Jan 26,historical
Cashew Nuts,2026-01-26,1350000.0,NGN,NGN/MT,Agricom,wholesale,National,1650.0,,2026-02-27,0.95,True,From Agricom Threads - Jan 30,historical
Cashew Nuts,2026-02-02,1250000.0,NGN,NGN/MT,Agricom,wholesale,National,1650.0,,2026-02-27,0.95,True,From Agricom Threads - Feb 6,historical
Cashew Nuts,2026-02-09,1740000.0,NGN,NGN/MT,Agricom,wholesale,National,1650.0,,2026-02-27,0.95,True,From Agricom Threads - Feb 13,historical
Cashew Nuts,2026-02-16,1850000.0,NGN,NGN/MT,Agricom,wholesale,National,1650.0,,2026-02-27,0.95,True,From Agricom Threads - Feb 23,historical
Cashew Nuts,2026-02-23,1850000.0,NGN,NGN/MT,Agricom,wholesale,National,1650.0,,2026-02-27,0.95,True,From Agricom Threads - Feb 26,historical
Cashew Nuts,2026-03-03,1800000.0,NGN,NGN/MT,Agricom,wholesale,National,1650.0,,2026-03-03,0.95,True,Historical data from Instagram posts,historical
Cashew Nuts,2026-03-06,1800000.0,NGN,NGN/MT,Agricom,wholesale,National,1650.0,,2026-03-06,0.95,True,Historical data from Instagram posts (June-July 2025),historical
Cashew Nuts,2026-03-09,1800000.0,NGN,NGN/MT,Agricom,wholesale,National,1650.0,,2026-03-10,0.95,True,Historical data from Instagram posts (Jan-Feb 2025),historical
Cashew Nuts,2026-03-10,1800000.0,NGN,NGN/MT,Agricom,wholesale,National,1650.0,,2026-03-10,0.95,True,Historical data from Instagram posts (March 2026),historical
Cashew Nuts,2026-03-11,1800000.0,NGN,NGN/MT,Agricom,wholesale,National,1650.0,,2026-03-12,0.95,True,Historical data from Instagram posts (March 2026),historical
Cashew Nuts,2026-03-12,1800000.0,NGN,NGN/MT,Agricom,wholesale,National,1650.0,,2026-03-13,0.95,True,Historical data from Instagram posts (March 2026),historical
Cashew Nuts,2026-03-14,1809429.0,NGN,NGN/MT,Agrolinking Forecast,wholesale,National,1650.0,,2026-03-14,0.9,False,"Forecast by ensemble model | error=None% | weekly_fc=₦1,822,024",forecast
Cashew Nuts,2026-03-16,1812479.0,NGN,NGN/MT,Agrolinking Forecast,wholesale,National,1650.0,,2026-03-16,0.9,False,"Forecast by ensemble model | daily_change=+0.7% | weekly_fc=₦1,619,794",forecast
Cashew Nuts,2026-03-17,1806629.0,NGN,NGN/MT,Agrolinking Forecast,wholesale,National,1650.0,,2026-03-17,0.9,False,"Forecast by ensemble model | daily_change=-0.3% | weekly_fc=₦1,619,794",forecast
Cashew Nuts,2026-03-17,1800000.0,NGN,NGN/MT,Agricom,wholesale,National,1650.0,,2026-03-18,0.95,True,Historical data from Agricom Instagram post,historical
Cashew Nuts,2026-03-18,1839983.0,NGN,NGN/MT,Agrolinking Forecast,wholesale,National,1650.0,,2026-03-18,0.9,False,"Forecast by ensemble model | daily_change=0.0% | weekly_fc=₦1,812,981",forecast
Cashew Nuts,2026-03-18,1800000.0,NGN,NGN/MT,Agricom,wholesale,National,1650.0,,2026-03-19,0.95,True,Historical data from Agricom Instagram post,historical
Cashew Nuts,2026-03-19,1842153.0,NGN,NGN/MT,Agrolinking Forecast,wholesale,National,1650.0,,2026-03-19,0.9,False,"Forecast by ensemble model | daily_change=0.0% | weekly_fc=₦1,812,981",forecast
Cashew Nuts,2026-03-20,1840637.0,NGN,NGN/MT,Agrolinking Forecast,wholesale,National,1650.0,,2026-03-20,0.9,False,"model=ensemble | daily_change=stable | weekly=₦1,814,498 | biweekly=₦1,669,338",forecast
Cashew Nuts,2026-03-21,1836864.0,NGN,NGN/MT,Agrolinking Forecast,wholesale,National,1650.0,,2026-03-21,0.9,False,"model=ensemble | daily_change=stable | weekly=₦1,830,144 | biweekly=₦1,683,732",forecast
Cashew Nuts,2026-03-23,1793540.0,NGN,NGN/MT,Agrolinking Forecast,wholesale,National,1650.0,,2026-03-23,0.9,False,"model=ensemble | daily_chg=stable | weekly=₦1,198,550 | biweekly=₦1,198,521 | 1m=₦1,386,757 | 3m=₦1,970,588 | 6m=₦2,046,333",forecast
Cashew Nuts,2026-03-24,1733120.0,NGN,NGN/MT,Agrolinking Forecast,wholesale,National,1650.0,,2026-03-24,0.9,False,"model=ensemble | daily_chg=-2.7% | weekly=₦1,189,182 | biweekly=₦1,189,481 | 1m=₦1,175,614 | 3m=₦2,028,183 | 6m=₦2,128,303",forecast
Cashew Nuts,2026-03-25,1792575.0,NGN,NGN/MT,Agrolinking Forecast,wholesale,National,1650.0,,2026-03-25,0.9,False,"model=ensemble | daily_chg=stable | weekly=₦1,749,817 | biweekly=₦1,609,832 | 1m=₦1,144,607 | 3m=₦2,003,809 | 6m=₦2,125,293",forecast
Cashew Nuts,2026-03-26,1818856.0,NGN,NGN/MT,Agrolinking Forecast,wholesale,National,1650.0,,2026-03-26,0.9,False,"model=ensemble | daily_chg=stable | weekly=₦1,778,100 | biweekly=₦1,635,852 | 1m=₦1,160,703 | 3m=₦2,003,952 | 6m=₦2,123,584",forecast
Cashew Nuts,2026-03-27,1829179.0,NGN,NGN/MT,Agrolinking Forecast,wholesale,National,1650.0,,2026-03-27,0.9,False,"model=ensemble | daily_chg=stable | weekly=₦1,804,144 | biweekly=₦1,659,812 | 1m=₦1,171,422 | 3m=₦2,016,068 | 6m=₦2,123,420",forecast
Cashew Nuts,2026-03-29,1803086.0,NGN,NGN/MT,Agrolinking Forecast,wholesale,National,1650.0,,2026-03-29,0.9,False,"model=ensemble | daily_chg=stable | weekly=₦1,803,086 | biweekly=₦1,716,170 | 1m=₦1,177,507 | 3m=₦2,037,606 | 6m=₦2,126,635",forecast
Cashew Nuts,2026-03-30,1859269.0,NGN,NGN/MT,Agrolinking AI Pipeline,forecast,National,,,2026-03-30,0.85,True,AI forecast generated 2026-03-30,forecast
Cashew Nuts,2026-03-31,1797577.0,NGN,NGN/MT,Agrolinking AI Pipeline,forecast,National,,,2026-03-31,0.85,True,AI forecast generated 2026-03-31,forecast
Cashew Nuts,2026-04-01,1871314.0,NGN,NGN/MT,Agrolinking AI Pipeline,forecast,National,,,2026-04-01,0.85,True,AI forecast generated 2026-04-01,forecast
Cashew Nuts,2026-04-02,1851822.0,NGN,NGN/MT,Agrolinking AI Pipeline,forecast,National,,,2026-04-02,0.85,True,AI forecast generated 2026-04-02,forecast
Cashew Nuts,2026-04-03,1872000.0,NGN,NGN/MT,Agrolinking AI Pipeline,forecast,National,,,2026-04-03,0.85,True,AI forecast generated 2026-04-03,forecast
Cashew Nuts,2026-04-04,1872000.0,NGN,NGN/MT,Agrolinking AI Pipeline,forecast,National,,,2026-04-04,0.85,True,AI forecast generated 2026-04-04,forecast
Cashew Nuts,2026-04-05,1803086.0,NGN,NGN/MT,Agrolinking AI Pipeline,forecast,National,,,2026-03-29,0.85,True,AI forecast generated 2026-03-29,forecast
Cashew Nuts,2026-04-06,1876248.0,NGN,NGN/MT,Agrolinking AI Pipeline,forecast,National,,,2026-03-30,0.85,True,AI forecast generated 2026-03-30,forecast
Cashew Nuts,2026-04-07,1920000.0,NGN,NGN/MT,Agricom Africa,wholesale,National,,,2026-04-16,1.0,True,Agricom Africa weekly post,historical
Cashew Nuts,2026-04-08,1895800.0,NGN,NGN/MT,Agrolinking AI Pipeline,forecast,National,,,2026-04-01,0.85,True,AI forecast generated 2026-04-01,forecast
Cashew Nuts,2026-04-09,1906242.0,NGN,NGN/MT,Agrolinking AI Pipeline,forecast,National,,,2026-04-02,0.85,True,AI forecast generated 2026-04-02,forecast
Cashew Nuts,2026-04-10,1915269.0,NGN,NGN/MT,Agrolinking AI Pipeline,forecast,National,,,2026-04-03,0.85,True,AI forecast generated 2026-04-03,forecast
Cashew Nuts,2026-04-11,1917000.0,NGN,NGN/MT,Agrolinking AI Pipeline,forecast,National,,,2026-04-04,0.85,True,AI forecast generated 2026-04-04,forecast
Cashew Nuts,2026-04-12,1716170.0,NGN,NGN/MT,Agrolinking AI Pipeline,forecast,National,,,2026-03-29,0.85,True,AI forecast generated 2026-03-29,forecast
Cashew Nuts,2026-04-13,1825119.0,NGN,NGN/MT,Agrolinking AI Pipeline,forecast,National,,,2026-03-30,0.85,True,AI forecast generated 2026-03-30,forecast
Cashew Nuts,2026-04-14,1950000.0,NGN,NGN/MT,Agricom Africa,wholesale,National,,,2026-04-16,1.0,True,Agricom Africa weekly post,historical
Cashew Nuts,2026-04-15,1823126.0,NGN,NGN/MT,Agrolinking AI Pipeline,forecast,National,,,2026-04-15,0.85,True,AI daily forecast 2026-04-15,forecast
Cashew Nuts,2026-04-16,1815364.0,NGN,NGN/MT,Agrolinking AI Pipeline,forecast,National,,,2026-04-16,0.85,True,AI daily forecast 2026-04-16,forecast
Cashew Nuts,2026-04-17,1930263.0,NGN,NGN/MT,Agrolinking AI Pipeline,forecast,National,,,2026-04-17,0.85,True,AI daily forecast 2026-04-17,forecast
Cocoa,2025-01-08,13200000.0,NGN,NGN/MT,Agricom,wholesale,National,1650.0,,2026-03-10,0.95,True,Historical data from Instagram posts (Jan-Feb 2025),historical
Cocoa,2025-01-09,13200000.0,NGN,NGN/MT,Agricom,wholesale,National,1650.0,,2026-03-10,0.95,True,Historical data from Instagram posts (Jan-Feb 2025),historical
Cocoa,2025-01-10,13200000.0,NGN,NGN/MT,Agricom,wholesale,National,1650.0,,2026-03-10,0.95,True,Historical data from Instagram posts (Jan-Feb 2025),historical
Cocoa,2025-01-13,13800000.0,NGN,NGN/MT,Agricom,wholesale,National,1650.0,,2026-03-10,0.95,True,Historical data from Instagram posts (Jan-Feb 2025),historical
Cocoa,2025-01-14,13800000.0,NGN,NGN/MT,Agricom,wholesale,National,1650.0,,2026-03-10,0.95,True,Historical data from Instagram posts (Jan-Feb 2025),historical
Cocoa,2025-01-15,13800000.0,NGN,NGN/MT,Agricom,wholesale,National,1650.0,,2026-03-10,0.95,True,Historical data from Instagram posts (Jan-Feb 2025),historical
Cocoa,2025-01-16,14100000.0,NGN,NGN/MT,Agricom,wholesale,National,1650.0,,2026-03-10,0.95,True,Historical data from Instagram posts (Jan-Feb 2025),historical
Cocoa,2025-01-17,14100000.0,NGN,NGN/MT,Agricom,wholesale,National,1650.0,,2026-03-10,0.95,True,Historical data from Instagram posts (Jan-Feb 2025),historical
Cocoa,2025-01-20,14400000.0,NGN,NGN/MT,Agricom,wholesale,National,1650.0,,2026-03-10,0.95,True,Historical data from Instagram posts (Jan-Feb 2025),historical
Cocoa,2025-01-21,14400000.0,NGN,NGN/MT,Agricom,wholesale,National,1650.0,,2026-03-10,0.95,True,Historical data from Instagram posts (Jan-Feb 2025),historical
Cocoa,2025-01-22,14400000.0,NGN,NGN/MT,Agricom,wholesale,National,1650.0,,2026-03-10,0.95,True,Historical data from Instagram posts (Jan-Feb 2025),historical
Cocoa,2025-01-23,14400000.0,NGN,NGN/MT,Agricom,wholesale,National,1650.0,,2026-03-10,0.95,True,Historical data from Instagram posts (Jan-Feb 2025),historical
Cocoa,2025-01-24,14500000.0,NGN,NGN/MT,Agricom,wholesale,National,1650.0,,2026-03-10,0.95,True,Historical data from Instagram posts (Jan-Feb 2025),historical
Cocoa,2025-01-27,14400000.0,NGN,NGN/MT,Agricom,wholesale,National,1650.0,,2026-03-10,0.95,True,Historical data from Instagram posts (Jan-Feb 2025),historical
Cocoa,2025-01-28,14400000.0,NGN,NGN/MT,Agricom,wholesale,National,1650.0,,2026-03-10,0.95,True,Historical data from Instagram posts (Jan-Feb 2025),historical
Cocoa,2025-01-29,14400000.0,NGN,NGN/MT,Agricom,wholesale,National,1650.0,,2026-03-10,0.95,True,Historical data from Instagram posts (Jan-Feb 2025),historical
Cocoa,2025-01-30,14400000.0,NGN,NGN/MT,Agricom,wholesale,National,1650.0,,2026-03-10,0.95,True,Historical data from Instagram posts (Jan-Feb 2025),historical
Cocoa,2025-01-31,14400000.0,NGN,NGN/MT,Agricom,wholesale,National,1650.0,,2026-03-10,0.95,True,Historical data from Instagram posts (Jan-Feb 2025),historical
Cocoa,2025-02-03,14000000.0,NGN,NGN/MT,Agricom,wholesale,National,1650.0,,2026-03-10,0.95,True,Historical data from Instagram posts (Jan-Feb 2025),historical
Cocoa,2025-02-04,14000000.0,NGN,NGN/MT,Agricom,wholesale,National,1650.0,,2026-03-10,0.95,True,Historical data from Instagram posts (Jan-Feb 2025),historical
Cocoa,2025-02-05,14000000.0,NGN,NGN/MT,Agricom,wholesale,National,1650.0,,2026-03-10,0.95,True,Historical data from Instagram posts (Jan-Feb 2025),historical
Cocoa,2025-02-06,13900000.0,NGN,NGN/MT,Agricom,wholesale,National,1650.0,,2026-03-10,0.95,True,Historical data from Instagram posts (Jan-Feb 2025),historical
Cocoa,2025-02-07,13900000.0,NGN,NGN/MT,Agricom,wholesale,National,1650.0,,2026-03-10,0.95,True,Historical data from Instagram posts (Jan-Feb 2025),historical
Cocoa,2025-02-10,13400000.0,NGN,NGN/MT,Agricom,wholesale,National,1650.0,,2026-03-10,0.95,True,Historical data from Instagram posts (Jan-Feb 2025),historical
Cocoa,2025-02-11,13400000.0,NGN,NGN/MT,Agricom,wholesale,National,1650.0,,2026-03-10,0.95,True,Historical data from Instagram posts (Jan-Feb 2025),historical
Cocoa,2025-02-13,13400000.0,NGN,NGN/MT,Agricom,wholesale,National,1650.0,,2026-03-10,0.95,True,Historical data from Instagram posts (Jan-Feb 2025),historical
Cocoa,2025-02-14,13700000.0,NGN,NGN/MT,Agricom,wholesale,National,1650.0,,2026-03-10,0.95,True,Historical data from Instagram posts (Jan-Feb 2025),historical
Cocoa,2025-02-17,13700000.0,NGN,NGN/MT,Agricom,wholesale,National,1650.0,,2026-03-10,0.95,True,Historical data from Instagram posts (Jan-Feb 2025),historical
Cocoa,2025-02-18,13700000.0,NGN,NGN/MT,Agricom,wholesale,National,1650.0,,2026-03-10,0.95,True,Historical data from Instagram posts (Jan-Feb 2025),historical
Cocoa,2025-02-19,13700000.0,NGN,NGN/MT,Agricom,wholesale,National,1650.0,,2026-03-10,0.95,True,Historical data from Instagram posts (Jan-Feb 2025),historical
Cocoa,2025-02-20,13700000.0,NGN,NGN/MT,Agricom,wholesale,National,1650.0,,2026-03-10,0.95,True,Historical data from Instagram posts (Jan-Feb 2025),historical
Cocoa,2025-02-21,13700000.0,NGN,NGN/MT,Agricom,wholesale,National,1650.0,,2026-03-10,0.95,True,Historical data from Instagram posts (Jan-Feb 2025),historical
Cocoa,2025-02-24,13800000.0,NGN,NGN/MT,Agricom,wholesale,National,1650.0,,2026-03-10,0.95,True,Historical data from Instagram posts (Jan-Feb 2025),historical
Cocoa,2025-02-25,13800000.0,NGN,NGN/MT,Agricom,wholesale,National,1650.0,,2026-03-10,0.95,True,Historical data from Instagram posts (Jan-Feb 2025),historical
Cocoa,2025-02-26,13800000.0,NGN,NGN/MT,Agricom,wholesale,National,1650.0,,2026-03-10,0.95,True,Historical data from Instagram posts (Jan-Feb 2025),historical
Cocoa,2025-02-27,13800000.0,NGN,NGN/MT,Agricom,wholesale,National,1650.0,,2026-03-10,0.95,True,Historical data from Instagram posts (Jan-Feb 2025),historical
Cocoa,2025-02-28,13800000.0,NGN,NGN/MT,Agricom,wholesale,National,1650.0,,2026-03-10,0.95,True,Historical data from Instagram posts (Jan-Feb 2025),historical
Cocoa,2025-06-10,13300000.0,NGN,NGN/MT,Agricom,wholesale,National,1650.0,,2026-03-06,0.95,True,Historical data from Instagram posts (June-July 2025),historical
Cocoa,2025-06-11,13300000.0,NGN,NGN/MT,Agricom,wholesale,National,1650.0,,2026-03-06,0.95,True,Historical data from Instagram posts (June-July 2025),historical
Cocoa,2025-06-13,13300000.0,NGN,NGN/MT,Agricom,wholesale,National,1650.0,,2026-03-06,0.95,True,Historical data from Instagram posts (June-July 2025),historical
Cocoa,2025-06-16,13300000.0,NGN,NGN/MT,Agricom,wholesale,National,1650.0,,2026-03-06,0.95,True,Historical data from Instagram posts (June-July 2025),historical
Cocoa,2025-06-17,13300000.0,NGN,NGN/MT,Agricom,wholesale,National,1650.0,,2026-03-06,0.95,True,Historical data from Instagram posts (June-July 2025),historical
Cocoa,2025-06-18,13000000.0,NGN,NGN/MT,Agricom,wholesale,National,1650.0,,2026-03-06,0.95,True,Historical data from Instagram posts (June-July 2025),historical
Cocoa,2025-06-19,13000000.0,NGN,NGN/MT,Agricom,wholesale,National,1650.0,,2026-03-06,0.95,True,Historical data from Instagram posts (June-July 2025),historical
Cocoa,2025-06-20,13000000.0,NGN,NGN/MT,Agricom,wholesale,National,1650.0,,2026-03-06,0.95,True,Historical data from Instagram posts (June-July 2025),historical
Cocoa,2025-06-23,13000000.0,NGN,NGN/MT,Agricom,wholesale,National,1650.0,,2026-03-06,0.95,True,Historical data from Instagram posts (June-July 2025),historical
Cocoa,2025-06-24,13000000.0,NGN,NGN/MT,Agricom,wholesale,National,1650.0,,2026-03-06,0.95,True,Historical data from Instagram posts (June-July 2025),historical
Cocoa,2025-06-25,13000000.0,NGN,NGN/MT,Agricom,wholesale,National,1650.0,,2026-03-06,0.95,True,Historical data from Instagram posts (June-July 2025),historical
Cocoa,2025-06-26,12600000.0,NGN,NGN/MT,Agricom,wholesale,National,1650.0,,2026-03-06,0.95,True,Historical data from Instagram posts (June-July 2025),historical
Cocoa,2025-06-27,12600000.0,NGN,NGN/MT,Agricom,wholesale,National,1650.0,,2026-03-06,0.95,True,Historical data from Instagram posts (June-July 2025),historical
Cocoa,2025-06-30,12500000.0,NGN,NGN/MT,Agricom,wholesale,National,1650.0,,2026-03-06,0.95,True,Historical data from Instagram posts (June-July 2025),historical
Cocoa,2025-07-01,12500000.0,NGN,NGN/MT,Agricom,wholesale,National,1650.0,,2026-03-06,0.95,True,Historical data from Instagram posts (June-July 2025),historical
Cocoa,2025-07-02,12500000.0,NGN,NGN/MT,Agricom,wholesale,National,1650.0,,2026-03-06,0.95,True,Historical data from Instagram posts (June-July 2025),historical
Cocoa,2025-07-03,12500000.0,NGN,NGN/MT,Agricom,wholesale,National,1650.0,,2026-03-06,0.95,True,Historical data from Instagram posts (June-July 2025),historical
Cocoa,2025-07-04,12500000.0,NGN,NGN/MT,Agricom,wholesale,National,1650.0,,2026-03-06,0.95,True,Historical data from Instagram posts (June-July 2025),historical
Cocoa,2025-07-07,12500000.0,NGN,NGN/MT,Agricom,wholesale,National,1650.0,,2026-03-06,0.95,True,Historical data from Instagram posts (June-July 2025),historical
Cocoa,2025-07-08,12500000.0,NGN,NGN/MT,Agricom,wholesale,National,1650.0,,2026-03-06,0.95,True,Historical data from Instagram posts (June-July 2025),historical
Cocoa,2025-07-09,12500000.0,NGN,NGN/MT,Agricom,wholesale,National,1650.0,,2026-03-06,0.95,True,Historical data from Instagram posts (June-July 2025),historical
Cocoa,2025-07-10,12500000.0,NGN,NGN/MT,Agricom,wholesale,National,1650.0,,2026-03-06,0.95,True,Historical data from Instagram posts (June-July 2025),historical
Cocoa,2025-07-11,12500000.0,NGN,NGN/MT,Agricom,wholesale,National,1650.0,,2026-03-06,0.95,True,Historical data from Instagram posts (June-July 2025),historical
Cocoa,2025-07-14,12500000.0,NGN,NGN/MT,Agricom,wholesale,National,1650.0,,2026-03-06,0.95,True,Historical data from Instagram posts (June-July 2025),historical
Cocoa,2025-07-15,12500000.0,NGN,NGN/MT,Agricom,wholesale,National,1650.0,,2026-03-06,0.95,True,Historical data from Instagram posts (June-July 2025),historical
Cocoa,2025-07-16,12500000.0,NGN,NGN/MT,Agricom,wholesale,National,1650.0,,2026-03-06,0.95,True,Historical data from Instagram posts (June-July 2025),historical
Cocoa,2025-07-17,12500000.0,NGN,NGN/MT,Agricom,wholesale,National,1650.0,,2026-03-06,0.95,True,Historical data from Instagram posts (June-July 2025),historical
Cocoa,2025-07-18,12400000.0,NGN,NGN/MT,Agricom,wholesale,National,1650.0,,2026-03-06,0.95,True,Historical data from Instagram posts (June-July 2025),historical
Cocoa,2025-07-21,12000000.0,NGN,NGN/MT,Agricom,wholesale,National,1650.0,,2026-03-06,0.95,True,Historical data from Instagram posts (June-July 2025),historical
Cocoa,2025-07-22,12000000.0,NGN,NGN/MT,Agricom,wholesale,National,1650.0,,2026-03-06,0.95,True,Historical data from Instagram posts (June-July 2025),historical
Cocoa,2025-07-23,12000000.0,NGN,NGN/MT,Agricom,wholesale,National,1650.0,,2026-03-06,0.95,True,Historical data from Instagram posts (June-July 2025),historical
Cocoa,2025-07-24,12000000.0,NGN,NGN/MT,Agricom,wholesale,National,1650.0,,2026-03-06,0.95,True,Historical data from Instagram posts (June-July 2025),historical
Cocoa,2025-09-01,11800000.0,NGN,NGN/MT,Agricom,wholesale,National,1650.0,,2026-03-03,0.95,True,Historical data from Instagram posts,historical
Cocoa,2025-09-03,11500000.0,NGN,NGN/MT,Agricom,wholesale,National,1650.0,,2026-03-03,0.95,True,Historical data from Instagram posts,historical
Cocoa,2025-09-04,11300000.0,NGN,NGN/MT,Agricom,wholesale,National,1650.0,,2026-03-03,0.95,True,Historical data from Instagram posts,historical
Cocoa,2025-09-08,11300000.0,NGN,NGN/MT,Agricom,wholesale,National,1650.0,,2026-03-03,0.95,True,Historical data from Instagram posts,historical
Cocoa,2025-09-09,11600000.0,NGN,NGN/MT,Agricom,wholesale,National,1650.0,,2026-03-03,0.95,True,Historical data from Instagram posts,historical
Cocoa,2025-09-10,11600000.0,NGN,NGN/MT,Agricom,wholesale,National,1650.0,,2026-03-03,0.95,True,Historical data from Instagram posts,historical
Cocoa,2025-09-11,11600000.0,NGN,NGN/MT,Agricom,wholesale,National,1650.0,,2026-03-03,0.95,True,Historical data from Instagram posts,historical
Cocoa,2025-09-12,11600000.0,NGN,NGN/MT,Agricom,wholesale,National,1650.0,,2026-03-03,0.95,True,Historical data from Instagram posts,historical
Cocoa,2025-09-15,11100000.0,NGN,NGN/MT,Agricom,wholesale,National,1650.0,,2026-03-03,0.95,True,Historical data from Instagram posts,historical
Cocoa,2025-09-16,11100000.0,NGN,NGN/MT,Agricom,wholesale,National,1650.0,,2026-03-03,0.95,True,Historical data from Instagram posts,historical
Cocoa,2025-09-17,11100000.0,NGN,NGN/MT,Agricom,wholesale,National,1650.0,,2026-03-03,0.95,True,Historical data from Instagram posts,historical
Cocoa,2025-09-18,11100000.0,NGN,NGN/MT,Agricom,wholesale,National,1650.0,,2026-03-03,0.95,True,Historical data from Instagram posts,historical
Cocoa,2025-09-19,11100000.0,NGN,NGN/MT,Agricom,wholesale,National,1650.0,,2026-03-03,0.95,True,Historical data from Instagram posts,historical
Cocoa,2025-09-22,11100000.0,NGN,NGN/MT,Agricom,wholesale,National,1650.0,,2026-03-03,0.95,True,Historical data from Instagram posts,historical
Cocoa,2025-09-23,11000000.0,NGN,NGN/MT,Agricom,wholesale,National,1650.0,,2026-03-03,0.95,True,Historical data from Instagram posts,historical
Cocoa,2025-09-24,11000000.0,NGN,NGN/MT,Agricom,wholesale,National,1650.0,,2026-03-03,0.95,True,Historical data from Instagram posts,historical
Cocoa,2025-09-25,11000000.0,NGN,NGN/MT,Agricom,wholesale,National,1650.0,,2026-03-03,0.95,True,Historical data from Instagram posts,historical
Cocoa,2025-09-26,11200000.0,NGN,NGN/MT,Agricom,wholesale,National,1650.0,,2026-03-03,0.95,True,Historical data from Instagram posts,historical
Cocoa,2025-09-29,11200000.0,NGN,NGN/MT,Agricom,wholesale,National,1650.0,,2026-03-03,0.95,True,Historical data from Instagram posts,historical
Cocoa,2025-09-30,11400000.0,NGN,NGN/MT,Agricom,wholesale,National,1650.0,,2026-03-03,0.95,True,Historical data from Instagram posts,historical
Cocoa,2025-10-02,11400000.0,NGN,NGN/MT,Agricom,wholesale,National,1650.0,,2026-03-03,0.95,True,Historical data from Instagram posts,historical
Cocoa,2025-10-03,11400000.0,NGN,NGN/MT,Agricom,wholesale,National,1650.0,,2026-03-03,0.95,True,Historical data from Instagram posts,historical
Cocoa,2025-10-06,11400000.0,NGN,NGN/MT,Agricom,wholesale,National,1650.0,,2026-03-03,0.95,True,Historical data from Instagram posts,historical
Cocoa,2025-10-07,11400000.0,NGN,NGN/MT,Agricom,wholesale,National,1650.0,,2026-03-03,0.95,True,Historical data from Instagram posts,historical
Cocoa,2025-10-08,11400000.0,NGN,NGN/MT,Agricom,wholesale,National,1650.0,,2026-03-03,0.95,True,Historical data from Instagram posts,historical
Cocoa,2025-10-09,11000000.0,NGN,NGN/MT,Agricom,wholesale,National,1650.0,,2026-03-03,0.95,True,Historical data from Instagram posts,historical
Cocoa,2025-10-10,11000000.0,NGN,NGN/MT,Agricom,wholesale,National,1650.0,,2026-03-03,0.95,True,Historical data from Instagram posts,historical
Cocoa,2025-10-13,10400000.0,NGN,NGN/MT,Agricom,wholesale,National,1650.0,,2026-03-03,0.95,True,Historical data from Instagram posts,historical
Cocoa,2025-10-14,10400000.0,NGN,NGN/MT,Agricom,wholesale,National,1650.0,,2026-03-03,0.95,True,Historical data from Instagram posts,historical
Cocoa,2025-10-15,10400000.0,NGN,NGN/MT,Agricom,wholesale,National,1650.0,,2026-03-03,0.95,True,Historical data from Instagram posts,historical
Cocoa,2025-10-16,10400000.0,NGN,NGN/MT,Agricom,wholesale,National,1650.0,,2026-03-03,0.95,True,Historical data from Instagram posts,historical
Cocoa,2025-10-17,10400000.0,NGN,NGN/MT,Agricom,wholesale,National,1650.0,,2026-03-03,0.95,True,Historical data from Instagram posts,historical
Cocoa,2025-10-20,9900000.0,NGN,NGN/MT,Agricom,wholesale,National,1650.0,,2026-03-03,0.95,True,Historical data from Instagram posts,historical
Cocoa,2025-10-21,9900000.0,NGN,NGN/MT,Agricom,wholesale,National,1650.0,,2026-03-03,0.95,True,Historical data from Instagram posts,historical
Cocoa,2025-10-22,9900000.0,NGN,NGN/MT,Agricom,wholesale,National,1650.0,,2026-03-03,0.95,True,Historical data from Instagram posts,historical
Cocoa,2025-10-23,9900000.0,NGN,NGN/MT,Agricom,wholesale,National,1650.0,,2026-03-03,0.95,True,Historical data from Instagram posts,historical
Cocoa,2025-10-24,9900000.0,NGN,NGN/MT,Agricom,wholesale,National,1650.0,,2026-03-03,0.95,True,Historical data from Instagram posts,historical
Cocoa,2025-10-27,9500000.0,NGN,NGN/MT,Agricom,wholesale,National,1650.0,,2026-02-27,0.95,True,From Agricom Threads - Oct 31,historical
Cocoa,2025-11-03,9100000.0,NGN,NGN/MT,Agricom,wholesale,National,1650.0,,2026-02-27,0.95,True,From Agricom Threads - Nov 7,historical
Cocoa,2025-11-10,8500000.0,NGN,NGN/MT,Agricom,wholesale,National,1650.0,,2026-02-27,0.95,True,From Agricom Threads - Nov 14,historical
Cocoa,2025-11-17,12200000.0,NGN,NGN/MT,Agricom,wholesale,National,1650.0,,2026-02-27,0.95,True,From Agricom Threads - Nov 24,historical
Cocoa,2025-11-24,11400000.0,NGN,NGN/MT,Agricom,wholesale,National,1650.0,,2026-02-27,0.95,True,From Agricom Threads - Nov 28,historical
Cocoa,2025-12-01,10200000.0,NGN,NGN/MT,Agricom,wholesale,National,1650.0,,2026-02-27,0.95,True,From Agricom Threads - Dec 5,historical
Cocoa,2025-12-08,10200000.0,NGN,NGN/MT,Agricom,wholesale,National,1650.0,,2026-02-27,0.95,True,From Agricom Threads - Dec 12,historical
Cocoa,2025-12-15,10000000.0,NGN,NGN/MT,Agricom,wholesale,National,1650.0,,2026-02-27,0.95,True,From Agricom Threads - Dec 19,historical
Cocoa,2025-12-22,10000000.0,NGN,NGN/MT,Agricom,wholesale,National,1650.0,,2026-02-27,0.95,True,From Agricom Threads - Dec 23,historical
Cocoa,2025-12-29,10000000.0,NGN,NGN/MT,Agricom,wholesale,National,1650.0,,2026-02-27,0.95,True,From Agricom Threads - Dec 30,historical
Cocoa,2026-01-05,9400000.0,NGN,NGN/MT,Agricom,wholesale,National,1650.0,,2026-02-27,0.95,True,From Agricom Threads - Jan 9,historical
Cocoa,2026-01-12,8700000.0,NGN,NGN/MT,Agricom,wholesale,National,1650.0,,2026-02-27,0.95,True,From Agricom Threads - Jan 16,historical
Cocoa,2026-01-19,8800000.0,NGN,NGN/MT,Agricom,wholesale,National,1650.0,,2026-02-27,0.95,True,From Agricom Threads - Jan 26,historical
Cocoa,2026-01-26,8800000.0,NGN,NGN/MT,Agricom,wholesale,National,1650.0,,2026-02-27,0.95,True,From Agricom Threads - Jan 30,historical
Cocoa,2026-02-02,8400000.0,NGN,NGN/MT,Agricom,wholesale,National,1650.0,,2026-02-27,0.95,True,From Agricom Threads - Feb 6,historical
Cocoa,2026-02-09,8400000.0,NGN,NGN/MT,Agricom,wholesale,National,1650.0,,2026-02-27,0.95,True,From Agricom Threads - Feb 13,historical
Cocoa,2026-02-16,6400000.0,NGN,NGN/MT,Agricom,wholesale,National,1650.0,,2026-02-27,0.95,True,From Agricom Threads - Feb 23,historical
Cocoa,2026-02-23,6200000.0,NGN,NGN/MT,Agricom,wholesale,National,1650.0,,2026-02-27,0.95,True,From Agricom Threads - Feb 26,historical
Cocoa,2026-03-03,6000000.0,NGN,NGN/MT,Agricom,wholesale,National,1650.0,,2026-03-03,0.95,True,Historical data from Instagram posts,historical
Cocoa,2026-03-06,6000000.0,NGN,NGN/MT,Agricom,wholesale,National,1650.0,,2026-03-06,0.95,True,Historical data from Instagram posts (June-July 2025),historical
Cocoa,2026-03-09,6000000.0,NGN,NGN/MT,Agricom,wholesale,National,1650.0,,2026-03-10,0.95,True,Historical data from Instagram posts (Jan-Feb 2025),historical
Cocoa,2026-03-10,6000000.0,NGN,NGN/MT,Agricom,wholesale,National,1650.0,,2026-03-10,0.95,True,Historical data from Instagram posts (March 2026),historical
Cocoa,2026-03-11,5700000.0,NGN,NGN/MT,Agricom,wholesale,National,1650.0,,2026-03-12,0.95,True,Historical data from Instagram posts (March 2026),historical
Cocoa,2026-03-12,5700000.0,NGN,NGN/MT,Agricom,wholesale,National,1650.0,,2026-03-13,0.95,True,Historical data from Instagram posts (March 2026),historical
Cocoa,2026-03-14,5692721.0,NGN,NGN/MT,Agrolinking Forecast,wholesale,National,1650.0,,2026-03-14,0.9,False,"Forecast by ensemble model | error=None% | weekly_fc=₦5,693,878",forecast
Cocoa,2026-03-16,5703385.0,NGN,NGN/MT,Agrolinking Forecast,wholesale,National,1650.0,,2026-03-16,0.9,False,"Forecast by ensemble model | daily_change=0.0% | weekly_fc=₦5,979,236",forecast
Cocoa,2026-03-17,5722239.0,NGN,NGN/MT,Agrolinking Forecast,wholesale,National,1650.0,,2026-03-17,0.9,False,"Forecast by ensemble model | daily_change=+0.3% | weekly_fc=₦5,979,236",forecast
Cocoa,2026-03-17,5700000.0,NGN,NGN/MT,Agricom,wholesale,National,1650.0,,2026-03-18,0.95,True,Historical data from Agricom Instagram post,historical
Cocoa,2026-03-18,5652721.0,NGN,NGN/MT,Agrolinking Forecast,wholesale,National,1650.0,,2026-03-18,0.9,False,"Forecast by ensemble model | daily_change=+2.6% | weekly_fc=₦5,712,563",forecast
Cocoa,2026-03-18,5700000.0,NGN,NGN/MT,Agricom,wholesale,National,1650.0,,2026-03-19,0.95,True,Historical data from Agricom Instagram post,historical
Cocoa,2026-03-19,5520353.0,NGN,NGN/MT,Agrolinking Forecast,wholesale,National,1650.0,,2026-03-19,0.9,False,"Forecast by ensemble model | daily_change=-2.3% | weekly_fc=₦5,725,185",forecast
Cocoa,2026-03-20,5563935.0,NGN,NGN/MT,Agrolinking Forecast,wholesale,National,1650.0,,2026-03-20,0.9,False,"model=ensemble | daily_change=stable | weekly=₦5,725,185 | biweekly=₦6,183,200",forecast
Cocoa,2026-03-21,5660389.0,NGN,NGN/MT,Agrolinking Forecast,wholesale,National,1650.0,,2026-03-21,0.9,False,"model=ensemble | daily_change=stable | weekly=₦5,682,402 | biweekly=₦5,987,764",forecast
Cocoa,2026-03-23,5798861.0,NGN,NGN/MT,Agrolinking Forecast,wholesale,National,1650.0,,2026-03-23,0.9,False,"model=ensemble | daily_chg=+1.7% | weekly=₦6,706,402 | biweekly=₦6,767,403 | 1m=₦4,563,565 | 3m=₦6,184,993 | 6m=₦5,559,911",forecast
Cocoa,2026-03-24,5750229.0,NGN,NGN/MT,Agrolinking Forecast,wholesale,National,1650.0,,2026-03-24,0.9,False,"model=ensemble | daily_chg=stable | weekly=₦5,994,702 | biweekly=₦6,314,562 | 1m=₦5,297,323 | 3m=₦3,876,534 | 6m=₦3,878,702",forecast
Cocoa,2026-03-25,5678515.0,NGN,NGN/MT,Agrolinking Forecast,wholesale,National,1650.0,,2026-03-25,0.9,False,"model=ensemble | daily_chg=stable | weekly=₦5,749,335 | biweekly=₦5,796,911 | 1m=₦4,525,892 | 3m=₦3,773,527 | 6m=₦3,775,591",forecast
Cocoa,2026-03-26,5680466.0,NGN,NGN/MT,Agrolinking Forecast,wholesale,National,1650.0,,2026-03-26,0.9,False,"model=ensemble | daily_chg=stable | weekly=₦5,735,292 | biweekly=₦5,760,275 | 1m=₦4,377,361 | 3m=₦3,753,441 | 6m=₦3,757,175",forecast
Cocoa,2026-03-27,5678875.0,NGN,NGN/MT,Agrolinking Forecast,wholesale,National,1650.0,,2026-03-27,0.9,False,"model=ensemble | daily_chg=stable | weekly=₦5,707,001 | biweekly=₦5,723,990 | 1m=₦4,229,656 | 3m=₦3,748,894 | 6m=₦3,753,625",forecast
Cocoa,2026-03-29,5707734.0,NGN,NGN/MT,Agrolinking Forecast,wholesale,National,1650.0,,2026-03-29,0.9,False,"model=ensemble | daily_chg=stable | weekly=₦5,707,734 | biweekly=₦5,724,092 | 1m=₦3,957,961 | 3m=₦3,748,537 | 6m=₦3,752,956",forecast
Cocoa,2026-03-30,5558484.0,NGN,NGN/MT,Agrolinking AI Pipeline,forecast,National,,,2026-03-30,0.85,True,AI forecast generated 2026-03-30,forecast
Cocoa,2026-03-31,5532455.0,NGN,NGN/MT,Agrolinking AI Pipeline,forecast,National,,,2026-03-31,0.85,True,AI forecast generated 2026-03-31,forecast
Cocoa,2026-04-01,5566122.0,NGN,NGN/MT,Agrolinking AI Pipeline,forecast,National,,,2026-04-01,0.85,True,AI forecast generated 2026-04-01,forecast
Cocoa,2026-04-02,5588961.0,NGN,NGN/MT,Agrolinking AI Pipeline,forecast,National,,,2026-04-02,0.85,True,AI forecast generated 2026-04-02,forecast
Cocoa,2026-04-03,5642813.0,NGN,NGN/MT,Agrolinking AI Pipeline,forecast,National,,,2026-04-03,0.85,True,AI forecast generated 2026-04-03,forecast
Cocoa,2026-04-04,5732529.0,NGN,NGN/MT,Agrolinking AI Pipeline,forecast,National,,,2026-04-04,0.85,True,AI forecast generated 2026-04-04,forecast
Cocoa,2026-04-05,5707734.0,NGN,NGN/MT,Agrolinking AI Pipeline,forecast,National,,,2026-03-29,0.85,True,AI forecast generated 2026-03-29,forecast
Cocoa,2026-04-06,5586946.0,NGN,NGN/MT,Agrolinking AI Pipeline,forecast,National,,,2026-03-30,0.85,True,AI forecast generated 2026-03-30,forecast
Cocoa,2026-04-07,6100000.0,NGN,NGN/MT,Agricom Africa,wholesale,National,,,2026-04-16,1.0,True,Agricom Africa weekly post,historical
Cocoa,2026-04-08,5869896.0,NGN,NGN/MT,Agrolinking AI Pipeline,forecast,National,,,2026-04-01,0.85,True,AI forecast generated 2026-04-01,forecast
Cocoa,2026-04-09,5878746.0,NGN,NGN/MT,Agrolinking AI Pipeline,forecast,National,,,2026-04-02,0.85,True,AI forecast generated 2026-04-02,forecast
Cocoa,2026-04-10,5896316.0,NGN,NGN/MT,Agrolinking AI Pipeline,forecast,National,,,2026-04-03,0.85,True,AI forecast generated 2026-04-03,forecast
Cocoa,2026-04-11,5907260.0,NGN,NGN/MT,Agrolinking AI Pipeline,forecast,National,,,2026-04-04,0.85,True,AI forecast generated 2026-04-04,forecast
Cocoa,2026-04-12,5724092.0,NGN,NGN/MT,Agrolinking AI Pipeline,forecast,National,,,2026-03-29,0.85,True,AI forecast generated 2026-03-29,forecast
Cocoa,2026-04-13,5456263.0,NGN,NGN/MT,Agrolinking AI Pipeline,forecast,National,,,2026-03-30,0.85,True,AI forecast generated 2026-03-30,forecast
Cocoa,2026-04-14,5600000.0,NGN,NGN/MT,Agricom Africa,wholesale,National,,,2026-04-16,1.0,True,Agricom Africa weekly post,historical
Cocoa,2026-04-15,5876450.0,NGN,NGN/MT,Agrolinking AI Pipeline,forecast,National,,,2026-04-15,0.85,True,AI daily forecast 2026-04-15,forecast
Cocoa,2026-04-16,5865849.0,NGN,NGN/MT,Agrolinking AI Pipeline,forecast,National,,,2026-04-16,0.85,True,AI daily forecast 2026-04-16,forecast
Cocoa,2026-04-17,5795150.0,NGN,NGN/MT,Agrolinking AI Pipeline,forecast,National,,,2026-04-17,0.85,True,AI daily forecast 2026-04-17,forecast
Ginger,2025-01-08,13200000.0,NGN,NGN/MT,Agricom,wholesale,National,1650.0,,2026-03-10,0.95,True,Historical data from Instagram posts (Jan-Feb 2025),historical
Ginger,2025-01-09,13200000.0,NGN,NGN/MT,Agricom,wholesale,National,1650.0,,2026-03-10,0.95,True,Historical data from Instagram posts (Jan-Feb 2025),historical
Ginger,2025-01-10,13200000.0,NGN,NGN/MT,Agricom,wholesale,National,1650.0,,2026-03-10,0.95,True,Historical data from Instagram posts (Jan-Feb 2025),historical
Ginger,2025-01-13,13700000.0,NGN,NGN/MT,Agricom,wholesale,National,1650.0,,2026-03-10,0.95,True,Historical data from Instagram posts (Jan-Feb 2025),historical
Ginger,2025-01-14,13700000.0,NGN,NGN/MT,Agricom,wholesale,National,1650.0,,2026-03-10,0.95,True,Historical data from Instagram posts (Jan-Feb 2025),historical
Ginger,2025-01-15,13700000.0,NGN,NGN/MT,Agricom,wholesale,National,1650.0,,2026-03-10,0.95,True,Historical data from Instagram posts (Jan-Feb 2025),historical
Ginger,2025-01-16,13700000.0,NGN,NGN/MT,Agricom,wholesale,National,1650.0,,2026-03-10,0.95,True,Historical data from Instagram posts (Jan-Feb 2025),historical
Ginger,2025-01-17,13700000.0,NGN,NGN/MT,Agricom,wholesale,National,1650.0,,2026-03-10,0.95,True,Historical data from Instagram posts (Jan-Feb 2025),historical
Ginger,2025-01-20,13700000.0,NGN,NGN/MT,Agricom,wholesale,National,1650.0,,2026-03-10,0.95,True,Historical data from Instagram posts (Jan-Feb 2025),historical
Ginger,2025-01-21,13700000.0,NGN,NGN/MT,Agricom,wholesale,National,1650.0,,2026-03-10,0.95,True,Historical data from Instagram posts (Jan-Feb 2025),historical
Ginger,2025-01-22,13700000.0,NGN,NGN/MT,Agricom,wholesale,National,1650.0,,2026-03-10,0.95,True,Historical data from Instagram posts (Jan-Feb 2025),historical
Ginger,2025-01-23,13700000.0,NGN,NGN/MT,Agricom,wholesale,National,1650.0,,2026-03-10,0.95,True,Historical data from Instagram posts (Jan-Feb 2025),historical
Ginger,2025-01-24,13700000.0,NGN,NGN/MT,Agricom,wholesale,National,1650.0,,2026-03-10,0.95,True,Historical data from Instagram posts (Jan-Feb 2025),historical
Ginger,2025-01-27,13700000.0,NGN,NGN/MT,Agricom,wholesale,National,1650.0,,2026-03-10,0.95,True,Historical data from Instagram posts (Jan-Feb 2025),historical
Ginger,2025-01-28,13700000.0,NGN,NGN/MT,Agricom,wholesale,National,1650.0,,2026-03-10,0.95,True,Historical data from Instagram posts (Jan-Feb 2025),historical
Ginger,2025-01-29,13700000.0,NGN,NGN/MT,Agricom,wholesale,National,1650.0,,2026-03-10,0.95,True,Historical data from Instagram posts (Jan-Feb 2025),historical
Ginger,2025-01-30,13700000.0,NGN,NGN/MT,Agricom,wholesale,National,1650.0,,2026-03-10,0.95,True,Historical data from Instagram posts (Jan-Feb 2025),historical
Ginger,2025-01-31,13700000.0,NGN,NGN/MT,Agricom,wholesale,National,1650.0,,2026-03-10,0.95,True,Historical data from Instagram posts (Jan-Feb 2025),historical
Ginger,2025-02-03,14000000.0,NGN,NGN/MT,Agricom,wholesale,National,1650.0,,2026-03-10,0.95,True,Historical data from Instagram posts (Jan-Feb 2025),historical
Ginger,2025-02-04,14000000.0,NGN,NGN/MT,Agricom,wholesale,National,1650.0,,2026-03-10,0.95,True,Historical data from Instagram posts (Jan-Feb 2025),historical
Ginger,2025-02-05,14000000.0,NGN,NGN/MT,Agricom,wholesale,National,1650.0,,2026-03-10,0.95,True,Historical data from Instagram posts (Jan-Feb 2025),historical
Ginger,2025-02-06,14300000.0,NGN,NGN/MT,Agricom,wholesale,National,1650.0,,2026-03-10,0.95,True,Historical data from Instagram posts (Jan-Feb 2025),historical
Ginger,2025-02-07,14300000.0,NGN,NGN/MT,Agricom,wholesale,National,1650.0,,2026-03-10,0.95,True,Historical data from Instagram posts (Jan-Feb 2025),historical
Ginger,2025-02-10,14300000.0,NGN,NGN/MT,Agricom,wholesale,National,1650.0,,2026-03-10,0.95,True,Historical data from Instagram posts (Jan-Feb 2025),historical
Ginger,2025-02-11,14300000.0,NGN,NGN/MT,Agricom,wholesale,National,1650.0,,2026-03-10,0.95,True,Historical data from Instagram posts (Jan-Feb 2025),historical
Ginger,2025-02-13,14300000.0,NGN,NGN/MT,Agricom,wholesale,National,1650.0,,2026-03-10,0.95,True,Historical data from Instagram posts (Jan-Feb 2025),historical
Ginger,2025-02-14,14300000.0,NGN,NGN/MT,Agricom,wholesale,National,1650.0,,2026-03-10,0.95,True,Historical data from Instagram posts (Jan-Feb 2025),historical
Ginger,2025-02-17,14300000.0,NGN,NGN/MT,Agricom,wholesale,National,1650.0,,2026-03-10,0.95,True,Historical data from Instagram posts (Jan-Feb 2025),historical
Ginger,2025-02-18,14300000.0,NGN,NGN/MT,Agricom,wholesale,National,1650.0,,2026-03-10,0.95,True,Historical data from Instagram posts (Jan-Feb 2025),historical
Ginger,2025-02-19,14300000.0,NGN,NGN/MT,Agricom,wholesale,National,1650.0,,2026-03-10,0.95,True,Historical data from Instagram posts (Jan-Feb 2025),historical
Ginger,2025-02-20,14300000.0,NGN,NGN/MT,Agricom,wholesale,National,1650.0,,2026-03-10,0.95,True,Historical data from Instagram posts (Jan-Feb 2025),historical
Ginger,2025-02-21,14300000.0,NGN,NGN/MT,Agricom,wholesale,National,1650.0,,2026-03-10,0.95,True,Historical data from Instagram posts (Jan-Feb 2025),historical
Ginger,2025-02-24,14300000.0,NGN,NGN/MT,Agricom,wholesale,National,1650.0,,2026-03-10,0.95,True,Historical data from Instagram posts (Jan-Feb 2025),historical
Ginger,2025-02-25,14300000.0,NGN,NGN/MT,Agricom,wholesale,National,1650.0,,2026-03-10,0.95,True,Historical data from Instagram posts (Jan-Feb 2025),historical
Ginger,2025-02-26,14300000.0,NGN,NGN/MT,Agricom,wholesale,National,1650.0,,2026-03-10,0.95,True,Historical data from Instagram posts (Jan-Feb 2025),historical
Ginger,2025-02-27,14300000.0,NGN,NGN/MT,Agricom,wholesale,National,1650.0,,2026-03-10,0.95,True,Historical data from Instagram posts (Jan-Feb 2025),historical
Ginger,2025-02-28,14300000.0,NGN,NGN/MT,Agricom,wholesale,National,1650.0,,2026-03-10,0.95,True,Historical data from Instagram posts (Jan-Feb 2025),historical
Ginger,2025-06-10,14200000.0,NGN,NGN/MT,Agricom,wholesale,National,1650.0,,2026-03-06,0.95,True,Historical data from Instagram posts (June-July 2025),historical
Ginger,2025-06-11,14200000.0,NGN,NGN/MT,Agricom,wholesale,National,1650.0,,2026-03-06,0.95,True,Historical data from Instagram posts (June-July 2025),historical
Ginger,2025-06-13,14200000.0,NGN,NGN/MT,Agricom,wholesale,National,1650.0,,2026-03-06,0.95,True,Historical data from Instagram posts (June-July 2025),historical
Ginger,2025-06-16,14200000.0,NGN,NGN/MT,Agricom,wholesale,National,1650.0,,2026-03-06,0.95,True,Historical data from Instagram posts (June-July 2025),historical
Ginger,2025-06-17,14200000.0,NGN,NGN/MT,Agricom,wholesale,National,1650.0,,2026-03-06,0.95,True,Historical data from Instagram posts (June-July 2025),historical
Ginger,2025-06-18,14200000.0,NGN,NGN/MT,Agricom,wholesale,National,1650.0,,2026-03-06,0.95,True,Historical data from Instagram posts (June-July 2025),historical
Ginger,2025-06-19,14200000.0,NGN,NGN/MT,Agricom,wholesale,National,1650.0,,2026-03-06,0.95,True,Historical data from Instagram posts (June-July 2025),historical
Ginger,2025-06-20,14200000.0,NGN,NGN/MT,Agricom,wholesale,National,1650.0,,2026-03-06,0.95,True,Historical data from Instagram posts (June-July 2025),historical
Ginger,2025-06-23,14200000.0,NGN,NGN/MT,Agricom,wholesale,National,1650.0,,2026-03-06,0.95,True,Historical data from Instagram posts (June-July 2025),historical
Ginger,2025-06-24,14200000.0,NGN,NGN/MT,Agricom,wholesale,National,1650.0,,2026-03-06,0.95,True,Historical data from Instagram posts (June-July 2025),historical
Ginger,2025-06-25,14200000.0,NGN,NGN/MT,Agricom,wholesale,National,1650.0,,2026-03-06,0.95,True,Historical data from Instagram posts (June-July 2025),historical
Ginger,2025-06-26,14000000.0,NGN,NGN/MT,Agricom,wholesale,National,1650.0,,2026-03-06,0.95,True,Historical data from Instagram posts (June-July 2025),historical
Ginger,2025-06-27,14000000.0,NGN,NGN/MT,Agricom,wholesale,National,1650.0,,2026-03-06,0.95,True,Historical data from Instagram posts (June-July 2025),historical
Ginger,2025-06-30,14000000.0,NGN,NGN/MT,Agricom,wholesale,National,1650.0,,2026-03-06,0.95,True,Historical data from Instagram posts (June-July 2025),historical
Ginger,2025-07-01,14000000.0,NGN,NGN/MT,Agricom,wholesale,National,1650.0,,2026-03-06,0.95,True,Historical data from Instagram posts (June-July 2025),historical
Ginger,2025-07-02,14000000.0,NGN,NGN/MT,Agricom,wholesale,National,1650.0,,2026-03-06,0.95,True,Historical data from Instagram posts (June-July 2025),historical
Ginger,2025-07-03,14000000.0,NGN,NGN/MT,Agricom,wholesale,National,1650.0,,2026-03-06,0.95,True,Historical data from Instagram posts (June-July 2025),historical
Ginger,2025-07-04,14000000.0,NGN,NGN/MT,Agricom,wholesale,National,1650.0,,2026-03-06,0.95,True,Historical data from Instagram posts (June-July 2025),historical
Ginger,2025-07-07,14000000.0,NGN,NGN/MT,Agricom,wholesale,National,1650.0,,2026-03-06,0.95,True,Historical data from Instagram posts (June-July 2025),historical
Ginger,2025-07-08,14000000.0,NGN,NGN/MT,Agricom,wholesale,National,1650.0,,2026-03-06,0.95,True,Historical data from Instagram posts (June-July 2025),historical
Ginger,2025-07-09,14000000.0,NGN,NGN/MT,Agricom,wholesale,National,1650.0,,2026-03-06,0.95,True,Historical data from Instagram posts (June-July 2025),historical
Ginger,2025-07-10,14000000.0,NGN,NGN/MT,Agricom,wholesale,National,1650.0,,2026-03-06,0.95,True,Historical data from Instagram posts (June-July 2025),historical
Ginger,2025-07-11,14000000.0,NGN,NGN/MT,Agricom,wholesale,National,1650.0,,2026-03-06,0.95,True,Historical data from Instagram posts (June-July 2025),historical
Ginger,2025-07-14,13800000.0,NGN,NGN/MT,Agricom,wholesale,National,1650.0,,2026-03-06,0.95,True,Historical data from Instagram posts (June-July 2025),historical
Ginger,2025-07-15,13800000.0,NGN,NGN/MT,Agricom,wholesale,National,1650.0,,2026-03-06,0.95,True,Historical data from Instagram posts (June-July 2025),historical
Ginger,2025-07-16,13800000.0,NGN,NGN/MT,Agricom,wholesale,National,1650.0,,2026-03-06,0.95,True,Historical data from Instagram posts (June-July 2025),historical
Ginger,2025-07-17,13800000.0,NGN,NGN/MT,Agricom,wholesale,National,1650.0,,2026-03-06,0.95,True,Historical data from Instagram posts (June-July 2025),historical
Ginger,2025-07-18,13400000.0,NGN,NGN/MT,Agricom,wholesale,National,1650.0,,2026-03-06,0.95,True,Historical data from Instagram posts (June-July 2025),historical
Ginger,2025-07-21,13000000.0,NGN,NGN/MT,Agricom,wholesale,National,1650.0,,2026-03-06,0.95,True,Historical data from Instagram posts (June-July 2025),historical
Ginger,2025-07-22,13000000.0,NGN,NGN/MT,Agricom,wholesale,National,1650.0,,2026-03-06,0.95,True,Historical data from Instagram posts (June-July 2025),historical
Ginger,2025-07-23,13000000.0,NGN,NGN/MT,Agricom,wholesale,National,1650.0,,2026-03-06,0.95,True,Historical data from Instagram posts (June-July 2025),historical
Ginger,2025-07-24,13000000.0,NGN,NGN/MT,Agricom,wholesale,National,1650.0,,2026-03-06,0.95,True,Historical data from Instagram posts (June-July 2025),historical
Ginger,2025-09-01,12600000.0,NGN,NGN/MT,Agricom,wholesale,National,1650.0,,2026-03-03,0.95,True,Historical data from Instagram posts,historical
Ginger,2025-09-03,12200000.0,NGN,NGN/MT,Agricom,wholesale,National,1650.0,,2026-03-03,0.95,True,Historical data from Instagram posts,historical
Ginger,2025-09-04,12200000.0,NGN,NGN/MT,Agricom,wholesale,National,1650.0,,2026-03-03,0.95,True,Historical data from Instagram posts,historical
Ginger,2025-09-08,12200000.0,NGN,NGN/MT,Agricom,wholesale,National,1650.0,,2026-03-03,0.95,True,Historical data from Instagram posts,historical
Ginger,2025-09-09,12250000.0,NGN,NGN/MT,Agricom,wholesale,National,1650.0,,2026-03-03,0.95,True,Historical data from Instagram posts,historical
Ginger,2025-09-10,12250000.0,NGN,NGN/MT,Agricom,wholesale,National,1650.0,,2026-03-03,0.95,True,Historical data from Instagram posts,historical
Ginger,2025-09-11,12250000.0,NGN,NGN/MT,Agricom,wholesale,National,1650.0,,2026-03-03,0.95,True,Historical data from Instagram posts,historical
Ginger,2025-09-12,12250000.0,NGN,NGN/MT,Agricom,wholesale,National,1650.0,,2026-03-03,0.95,True,Historical data from Instagram posts,historical
Ginger,2025-09-15,12280000.0,NGN,NGN/MT,Agricom,wholesale,National,1650.0,,2026-03-03,0.95,True,Historical data from Instagram posts,historical
Ginger,2025-09-16,12280000.0,NGN,NGN/MT,Agricom,wholesale,National,1650.0,,2026-03-03,0.95,True,Historical data from Instagram posts,historical
Ginger,2025-09-17,12280000.0,NGN,NGN/MT,Agricom,wholesale,National,1650.0,,2026-03-03,0.95,True,Historical data from Instagram posts,historical
Ginger,2025-09-18,12280000.0,NGN,NGN/MT,Agricom,wholesale,National,1650.0,,2026-03-03,0.95,True,Historical data from Instagram posts,historical
Ginger,2025-09-19,12280000.0,NGN,NGN/MT,Agricom,wholesale,National,1650.0,,2026-03-03,0.95,True,Historical data from Instagram posts,historical
Ginger,2025-09-22,12280000.0,NGN,NGN/MT,Agricom,wholesale,National,1650.0,,2026-03-03,0.95,True,Historical data from Instagram posts,historical
Ginger,2025-09-23,12400000.0,NGN,NGN/MT,Agricom,wholesale,National,1650.0,,2026-03-03,0.95,True,Historical data from Instagram posts,historical
Ginger,2025-09-24,12400000.0,NGN,NGN/MT,Agricom,wholesale,National,1650.0,,2026-03-03,0.95,True,Historical data from Instagram posts,historical
Ginger,2025-09-25,12400000.0,NGN,NGN/MT,Agricom,wholesale,National,1650.0,,2026-03-03,0.95,True,Historical data from Instagram posts,historical
Ginger,2025-09-26,12400000.0,NGN,NGN/MT,Agricom,wholesale,National,1650.0,,2026-03-03,0.95,True,Historical data from Instagram posts,historical
Ginger,2025-09-29,12400000.0,NGN,NGN/MT,Agricom,wholesale,National,1650.0,,2026-03-03,0.95,True,Historical data from Instagram posts,historical
Ginger,2025-09-30,12400000.0,NGN,NGN/MT,Agricom,wholesale,National,1650.0,,2026-03-03,0.95,True,Historical data from Instagram posts,historical
Ginger,2025-10-02,12400000.0,NGN,NGN/MT,Agricom,wholesale,National,1650.0,,2026-03-03,0.95,True,Historical data from Instagram posts,historical
Ginger,2025-10-03,12400000.0,NGN,NGN/MT,Agricom,wholesale,National,1650.0,,2026-03-03,0.95,True,Historical data from Instagram posts,historical
Ginger,2025-10-06,12400000.0,NGN,NGN/MT,Agricom,wholesale,National,1650.0,,2026-03-03,0.95,True,Historical data from Instagram posts,historical
Ginger,2025-10-07,12400000.0,NGN,NGN/MT,Agricom,wholesale,National,1650.0,,2026-03-03,0.95,True,Historical data from Instagram posts,historical
Ginger,2025-10-08,12400000.0,NGN,NGN/MT,Agricom,wholesale,National,1650.0,,2026-03-03,0.95,True,Historical data from Instagram posts,historical
Ginger,2025-10-09,12600000.0,NGN,NGN/MT,Agricom,wholesale,National,1650.0,,2026-03-03,0.95,True,Historical data from Instagram posts,historical
Ginger,2025-10-10,12600000.0,NGN,NGN/MT,Agricom,wholesale,National,1650.0,,2026-03-03,0.95,True,Historical data from Instagram posts,historical
Ginger,2025-10-13,12200000.0,NGN,NGN/MT,Agricom,wholesale,National,1650.0,,2026-03-03,0.95,True,Historical data from Instagram posts,historical
Ginger,2025-10-14,12200000.0,NGN,NGN/MT,Agricom,wholesale,National,1650.0,,2026-03-03,0.95,True,Historical data from Instagram posts,historical
Ginger,2025-10-15,12200000.0,NGN,NGN/MT,Agricom,wholesale,National,1650.0,,2026-03-03,0.95,True,Historical data from Instagram posts,historical
Ginger,2025-10-16,12200000.0,NGN,NGN/MT,Agricom,wholesale,National,1650.0,,2026-03-03,0.95,True,Historical data from Instagram posts,historical
Ginger,2025-10-17,12200000.0,NGN,NGN/MT,Agricom,wholesale,National,1650.0,,2026-03-03,0.95,True,Historical data from Instagram posts,historical
Ginger,2025-10-20,12200000.0,NGN,NGN/MT,Agricom,wholesale,National,1650.0,,2026-03-03,0.95,True,Historical data from Instagram posts,historical
Ginger,2025-10-21,12200000.0,NGN,NGN/MT,Agricom,wholesale,National,1650.0,,2026-03-03,0.95,True,Historical data from Instagram posts,historical
Ginger,2025-10-22,12200000.0,NGN,NGN/MT,Agricom,wholesale,National,1650.0,,2026-03-03,0.95,True,Historical data from Instagram posts,historical
Ginger,2025-10-23,12200000.0,NGN,NGN/MT,Agricom,wholesale,National,1650.0,,2026-03-03,0.95,True,Historical data from Instagram posts,historical
Ginger,2025-10-24,12200000.0,NGN,NGN/MT,Agricom,wholesale,National,1650.0,,2026-03-03,0.95,True,Historical data from Instagram posts,historical
Ginger,2025-10-27,12200000.0,NGN,NGN/MT,Agricom,wholesale,National,1650.0,,2026-02-27,0.95,True,From Agricom Threads - Oct 31,historical
Ginger,2025-11-03,12000000.0,NGN,NGN/MT,Agricom,wholesale,National,1650.0,,2026-02-27,0.95,True,From Agricom Threads - Nov 7,historical
Ginger,2025-11-10,10500000.0,NGN,NGN/MT,Agricom,wholesale,National,1650.0,,2026-02-27,0.95,True,From Agricom Threads - Nov 14,historical
Ginger,2025-11-17,10200000.0,NGN,NGN/MT,Agricom,wholesale,National,1650.0,,2026-02-27,0.95,True,From Agricom Threads - Nov 24,historical
Ginger,2025-11-24,10200000.0,NGN,NGN/MT,Agricom,wholesale,National,1650.0,,2026-02-27,0.95,True,From Agricom Threads - Nov 28,historical
Ginger,2025-12-01,9000000.0,NGN,NGN/MT,Agricom,wholesale,National,1650.0,,2026-02-27,0.95,True,From Agricom Threads - Dec 5,historical
Ginger,2025-12-08,9000000.0,NGN,NGN/MT,Agricom,wholesale,National,1650.0,,2026-02-27,0.95,True,From Agricom Threads - Dec 12,historical
Ginger,2025-12-15,9800000.0,NGN,NGN/MT,Agricom,wholesale,National,1650.0,,2026-02-27,0.95,True,From Agricom Threads - Dec 19,historical
Ginger,2025-12-22,9800000.0,NGN,NGN/MT,Agricom,wholesale,National,1650.0,,2026-02-27,0.95,True,From Agricom Threads - Dec 23,historical
Ginger,2025-12-29,9800000.0,NGN,NGN/MT,Agricom,wholesale,National,1650.0,,2026-02-27,0.95,True,From Agricom Threads - Dec 30,historical
Ginger,2026-01-05,8500000.0,NGN,NGN/MT,Agricom,wholesale,National,1650.0,,2026-02-27,0.95,True,From Agricom Threads - Jan 9,historical
Ginger,2026-01-12,8500000.0,NGN,NGN/MT,Agricom,wholesale,National,1650.0,,2026-02-27,0.95,True,From Agricom Threads - Jan 16,historical
Ginger,2026-02-16,9700000.0,NGN,NGN/MT,Agricom,wholesale,National,1650.0,,2026-02-27,0.95,True,From Agricom Threads - Feb 23,historical
Ginger,2026-02-23,9700000.0,NGN,NGN/MT,Agricom,wholesale,National,1650.0,,2026-02-27,0.95,True,From Agricom Threads - Feb 26,historical
Ginger,2026-03-03,9900000.0,NGN,NGN/MT,Agricom,wholesale,National,1650.0,,2026-03-03,0.95,True,Historical data from Instagram posts,historical
Ginger,2026-03-06,9900000.0,NGN,NGN/MT,Agricom,wholesale,National,1650.0,,2026-03-06,0.95,True,Historical data from Instagram posts (June-July 2025),historical
Ginger,2026-03-09,9900000.0,NGN,NGN/MT,Agricom,wholesale,National,1650.0,,2026-03-10,0.95,True,Historical data from Instagram posts (Jan-Feb 2025),historical
Ginger,2026-03-10,9900000.0,NGN,NGN/MT,Agricom,wholesale,National,1650.0,,2026-03-10,0.95,True,Historical data from Instagram posts (March 2026),historical
Ginger,2026-03-11,9900000.0,NGN,NGN/MT,Agricom,wholesale,National,1650.0,,2026-03-12,0.95,True,Historical data from Instagram posts (March 2026),historical
Ginger,2026-03-12,9900000.0,NGN,NGN/MT,Agricom,wholesale,National,1650.0,,2026-03-13,0.95,True,Historical data from Instagram posts (March 2026),historical
Ginger,2026-03-14,9659280.0,NGN,NGN/MT,Agrolinking Forecast,wholesale,National,1650.0,,2026-03-14,0.9,False,"Forecast by ensemble model | error=None% | weekly_fc=₦9,608,956",forecast
Ginger,2026-03-16,9668405.0,NGN,NGN/MT,Agrolinking Forecast,wholesale,National,1650.0,,2026-03-16,0.9,False,"Forecast by ensemble model | daily_change=-2.3% | weekly_fc=₦9,539,850",forecast
Ginger,2026-03-17,9669234.0,NGN,NGN/MT,Agrolinking Forecast,wholesale,National,1650.0,,2026-03-17,0.9,False,"Forecast by ensemble model | daily_change=0.0% | weekly_fc=₦9,539,850",forecast
Ginger,2026-03-17,9900000.0,NGN,NGN/MT,Agricom,wholesale,National,1650.0,,2026-03-18,0.95,True,Historical data from Agricom Instagram post,historical
Ginger,2026-03-18,9634756.0,NGN,NGN/MT,Agrolinking Forecast,wholesale,National,1650.0,,2026-03-18,0.9,False,"Forecast by ensemble model | daily_change=0.0% | weekly_fc=₦9,647,360",forecast
Ginger,2026-03-18,9900000.0,NGN,NGN/MT,Agricom,wholesale,National,1650.0,,2026-03-19,0.95,True,Historical data from Agricom Instagram post,historical
Ginger,2026-03-19,9632445.0,NGN,NGN/MT,Agrolinking Forecast,wholesale,National,1650.0,,2026-03-19,0.9,False,"Forecast by ensemble model | daily_change=0.0% | weekly_fc=₦9,647,360",forecast
Ginger,2026-03-20,9534894.0,NGN,NGN/MT,Agrolinking Forecast,wholesale,National,1650.0,,2026-03-20,0.9,False,"model=ensemble | daily_change=stable | weekly=₦9,677,791 | biweekly=₦8,946,009",forecast
Ginger,2026-03-21,9549476.0,NGN,NGN/MT,Agrolinking Forecast,wholesale,National,1650.0,,2026-03-21,0.9,False,"model=ensemble | daily_change=stable | weekly=₦9,671,885 | biweekly=₦8,898,134",forecast
Ginger,2026-03-23,9404270.0,NGN,NGN/MT,Agrolinking Forecast,wholesale,National,1650.0,,2026-03-23,0.9,False,"model=ensemble | daily_chg=-5.0% | weekly=₦8,921,990 | biweekly=₦8,208,231 | 1m=₦7,423,648 | 3m=₦10,559,301 | 6m=₦10,865,854",forecast
Ginger,2026-03-24,9351318.0,NGN,NGN/MT,Agrolinking Forecast,wholesale,National,1650.0,,2026-03-24,0.9,False,"model=ensemble | daily_chg=stable | weekly=₦8,988,460 | biweekly=₦8,269,383 | 1m=₦6,285,601 | 3m=₦11,050,329 | 6m=₦11,539,796",forecast
Ginger,2026-03-25,9572681.0,NGN,NGN/MT,Agrolinking Forecast,wholesale,National,1650.0,,2026-03-25,0.9,False,"model=ensemble | daily_chg=stable | weekly=₦9,554,949 | biweekly=₦9,391,703 | 1m=₦9,580,691 | 3m=₦10,210,967 | 6m=₦10,407,546",forecast
Ginger,2026-03-26,9610454.0,NGN,NGN/MT,Agrolinking Forecast,wholesale,National,1650.0,,2026-03-26,0.9,False,"model=ensemble | daily_chg=stable | weekly=₦9,621,745 | biweekly=₦9,507,511 | 1m=₦9,779,755 | 3m=₦10,297,119 | 6m=₦10,547,120",forecast
Ginger,2026-03-27,9643492.0,NGN,NGN/MT,Agrolinking Forecast,wholesale,National,1650.0,,2026-03-27,0.9,False,"model=ensemble | daily_chg=stable | weekly=₦9,695,911 | biweekly=₦9,633,105 | 1m=₦9,977,339 | 3m=₦10,385,086 | 6m=₦10,698,243",forecast
Ginger,2026-03-29,9626151.0,NGN,NGN/MT,Agrolinking Forecast,wholesale,National,1650.0,,2026-03-29,0.9,False,"model=ensemble | daily_chg=-2.8% | weekly=₦9,699,169 | biweekly=₦9,654,112 | 1m=₦10,109,925 | 3m=₦10,385,222 | 6m=₦10,780,630",forecast
Ginger,2026-03-30,9959238.0,NGN,NGN/MT,Agrolinking AI Pipeline,forecast,National,,,2026-03-30,0.85,True,AI forecast generated 2026-03-30,forecast
Ginger,2026-03-31,9687971.0,NGN,NGN/MT,Agrolinking AI Pipeline,forecast,National,,,2026-03-31,0.85,True,AI forecast generated 2026-03-31,forecast
Ginger,2026-04-01,9800705.0,NGN,NGN/MT,Agrolinking AI Pipeline,forecast,National,,,2026-04-01,0.85,True,AI forecast generated 2026-04-01,forecast
Ginger,2026-04-02,9781432.0,NGN,NGN/MT,Agrolinking AI Pipeline,forecast,National,,,2026-04-02,0.85,True,AI forecast generated 2026-04-02,forecast
Ginger,2026-04-03,9815005.0,NGN,NGN/MT,Agrolinking AI Pipeline,forecast,National,,,2026-04-03,0.85,True,AI forecast generated 2026-04-03,forecast
Ginger,2026-04-04,9811036.0,NGN,NGN/MT,Agrolinking AI Pipeline,forecast,National,,,2026-04-04,0.85,True,AI forecast generated 2026-04-04,forecast
Ginger,2026-04-05,9699169.0,NGN,NGN/MT,Agrolinking AI Pipeline,forecast,National,,,2026-03-29,0.85,True,AI forecast generated 2026-03-29,forecast
Ginger,2026-04-06,9781646.0,NGN,NGN/MT,Agrolinking AI Pipeline,forecast,National,,,2026-03-30,0.85,True,AI forecast generated 2026-03-30,forecast
Ginger,2026-04-07,10500000.0,NGN,NGN/MT,Agricom Africa,wholesale,National,,,2026-04-16,1.0,True,Agricom Africa weekly post,historical
Ginger,2026-04-08,9520841.0,NGN,NGN/MT,Agrolinking AI Pipeline,forecast,National,,,2026-04-01,0.85,True,AI forecast generated 2026-04-01,forecast
Ginger,2026-04-09,9568848.0,NGN,NGN/MT,Agrolinking AI Pipeline,forecast,National,,,2026-04-02,0.85,True,AI forecast generated 2026-04-02,forecast
Ginger,2026-04-10,9578048.0,NGN,NGN/MT,Agrolinking AI Pipeline,forecast,National,,,2026-04-03,0.85,True,AI forecast generated 2026-04-03,forecast
Ginger,2026-04-11,9572040.0,NGN,NGN/MT,Agrolinking AI Pipeline,forecast,National,,,2026-04-04,0.85,True,AI forecast generated 2026-04-04,forecast
Ginger,2026-04-12,9654112.0,NGN,NGN/MT,Agrolinking AI Pipeline,forecast,National,,,2026-03-29,0.85,True,AI forecast generated 2026-03-29,forecast
Ginger,2026-04-13,9618183.0,NGN,NGN/MT,Agrolinking AI Pipeline,forecast,National,,,2026-03-30,0.85,True,AI forecast generated 2026-03-30,forecast
Ginger,2026-04-14,9700000.0,NGN,NGN/MT,Agricom Africa,wholesale,National,,,2026-04-16,1.0,True,Agricom Africa weekly post,historical
Ginger,2026-04-15,9873809.0,NGN,NGN/MT,Agrolinking AI Pipeline,forecast,National,,,2026-04-15,0.85,True,AI daily forecast 2026-04-15,forecast
Ginger,2026-04-16,10059706.0,NGN,NGN/MT,Agrolinking AI Pipeline,forecast,National,,,2026-04-16,0.85,True,AI daily forecast 2026-04-16,forecast
Ginger,2026-04-17,10178278.0,NGN,NGN/MT,Agrolinking AI Pipeline,forecast,National,,,2026-04-17,0.85,True,AI daily forecast 2026-04-17,forecast
Hibiscus,2025-01-08,1600000.0,NGN,NGN/MT,Agricom,wholesale,National,1650.0,,2026-03-10,0.95,True,Historical data from Instagram posts (Jan-Feb 2025),historical
Hibiscus,2025-01-09,1600000.0,NGN,NGN/MT,Agricom,wholesale,National,1650.0,,2026-03-10,0.95,True,Historical data from Instagram posts (Jan-Feb 2025),historical
Hibiscus,2025-01-10,1600000.0,NGN,NGN/MT,Agricom,wholesale,National,1650.0,,2026-03-10,0.95,True,Historical data from Instagram posts (Jan-Feb 2025),historical
Hibiscus,2025-01-13,1600000.0,NGN,NGN/MT,Agricom,wholesale,National,1650.0,,2026-03-10,0.95,True,Historical data from Instagram posts (Jan-Feb 2025),historical
Hibiscus,2025-01-14,1600000.0,NGN,NGN/MT,Agricom,wholesale,National,1650.0,,2026-03-10,0.95,True,Historical data from Instagram posts (Jan-Feb 2025),historical
Hibiscus,2025-01-15,1600000.0,NGN,NGN/MT,Agricom,wholesale,National,1650.0,,2026-03-10,0.95,True,Historical data from Instagram posts (Jan-Feb 2025),historical
Hibiscus,2025-01-16,1600000.0,NGN,NGN/MT,Agricom,wholesale,National,1650.0,,2026-03-10,0.95,True,Historical data from Instagram posts (Jan-Feb 2025),historical
Hibiscus,2025-01-17,1600000.0,NGN,NGN/MT,Agricom,wholesale,National,1650.0,,2026-03-10,0.95,True,Historical data from Instagram posts (Jan-Feb 2025),historical
Hibiscus,2025-01-20,1560000.0,NGN,NGN/MT,Agricom,wholesale,National,1650.0,,2026-03-10,0.95,True,Historical data from Instagram posts (Jan-Feb 2025),historical
Hibiscus,2025-01-21,1560000.0,NGN,NGN/MT,Agricom,wholesale,National,1650.0,,2026-03-10,0.95,True,Historical data from Instagram posts (Jan-Feb 2025),historical
Hibiscus,2025-01-22,1560000.0,NGN,NGN/MT,Agricom,wholesale,National,1650.0,,2026-03-10,0.95,True,Historical data from Instagram posts (Jan-Feb 2025),historical
Hibiscus,2025-01-23,1560000.0,NGN,NGN/MT,Agricom,wholesale,National,1650.0,,2026-03-10,0.95,True,Historical data from Instagram posts (Jan-Feb 2025),historical
Hibiscus,2025-01-24,1560000.0,NGN,NGN/MT,Agricom,wholesale,National,1650.0,,2026-03-10,0.95,True,Historical data from Instagram posts (Jan-Feb 2025),historical
Hibiscus,2025-01-27,1560000.0,NGN,NGN/MT,Agricom,wholesale,National,1650.0,,2026-03-10,0.95,True,Historical data from Instagram posts (Jan-Feb 2025),historical
Hibiscus,2025-01-28,1560000.0,NGN,NGN/MT,Agricom,wholesale,National,1650.0,,2026-03-10,0.95,True,Historical data from Instagram posts (Jan-Feb 2025),historical
Hibiscus,2025-01-29,1560000.0,NGN,NGN/MT,Agricom,wholesale,National,1650.0,,2026-03-10,0.95,True,Historical data from Instagram posts (Jan-Feb 2025),historical
Hibiscus,2025-01-30,1560000.0,NGN,NGN/MT,Agricom,wholesale,National,1650.0,,2026-03-10,0.95,True,Historical data from Instagram posts (Jan-Feb 2025),historical
Hibiscus,2025-01-31,1560000.0,NGN,NGN/MT,Agricom,wholesale,National,1650.0,,2026-03-10,0.95,True,Historical data from Instagram posts (Jan-Feb 2025),historical
Hibiscus,2025-02-03,1520000.0,NGN,NGN/MT,Agricom,wholesale,National,1650.0,,2026-03-10,0.95,True,Historical data from Instagram posts (Jan-Feb 2025),historical
Hibiscus,2025-02-04,1520000.0,NGN,NGN/MT,Agricom,wholesale,National,1650.0,,2026-03-10,0.95,True,Historical data from Instagram posts (Jan-Feb 2025),historical
Hibiscus,2025-02-05,1520000.0,NGN,NGN/MT,Agricom,wholesale,National,1650.0,,2026-03-10,0.95,True,Historical data from Instagram posts (Jan-Feb 2025),historical
Hibiscus,2025-02-06,1525000.0,NGN,NGN/MT,Agricom,wholesale,National,1650.0,,2026-03-10,0.95,True,Historical data from Instagram posts (Jan-Feb 2025),historical
Hibiscus,2025-02-07,1525000.0,NGN,NGN/MT,Agricom,wholesale,National,1650.0,,2026-03-10,0.95,True,Historical data from Instagram posts (Jan-Feb 2025),historical
Hibiscus,2025-02-10,1515000.0,NGN,NGN/MT,Agricom,wholesale,National,1650.0,,2026-03-10,0.95,True,Historical data from Instagram posts (Jan-Feb 2025),historical
Hibiscus,2025-02-11,1515000.0,NGN,NGN/MT,Agricom,wholesale,National,1650.0,,2026-03-10,0.95,True,Historical data from Instagram posts (Jan-Feb 2025),historical
Hibiscus,2025-02-13,1515000.0,NGN,NGN/MT,Agricom,wholesale,National,1650.0,,2026-03-10,0.95,True,Historical data from Instagram posts (Jan-Feb 2025),historical
Hibiscus,2025-02-14,1520000.0,NGN,NGN/MT,Agricom,wholesale,National,1650.0,,2026-03-10,0.95,True,Historical data from Instagram posts (Jan-Feb 2025),historical
Hibiscus,2025-02-17,1520000.0,NGN,NGN/MT,Agricom,wholesale,National,1650.0,,2026-03-10,0.95,True,Historical data from Instagram posts (Jan-Feb 2025),historical
Hibiscus,2025-02-18,1520000.0,NGN,NGN/MT,Agricom,wholesale,National,1650.0,,2026-03-10,0.95,True,Historical data from Instagram posts (Jan-Feb 2025),historical
Hibiscus,2025-02-19,1520000.0,NGN,NGN/MT,Agricom,wholesale,National,1650.0,,2026-03-10,0.95,True,Historical data from Instagram posts (Jan-Feb 2025),historical
Hibiscus,2025-02-20,1520000.0,NGN,NGN/MT,Agricom,wholesale,National,1650.0,,2026-03-10,0.95,True,Historical data from Instagram posts (Jan-Feb 2025),historical
Hibiscus,2025-02-21,1520000.0,NGN,NGN/MT,Agricom,wholesale,National,1650.0,,2026-03-10,0.95,True,Historical data from Instagram posts (Jan-Feb 2025),historical
Hibiscus,2025-02-24,1540000.0,NGN,NGN/MT,Agricom,wholesale,National,1650.0,,2026-03-10,0.95,True,Historical data from Instagram posts (Jan-Feb 2025),historical
Hibiscus,2025-02-25,1540000.0,NGN,NGN/MT,Agricom,wholesale,National,1650.0,,2026-03-10,0.95,True,Historical data from Instagram posts (Jan-Feb 2025),historical
Hibiscus,2025-02-26,1540000.0,NGN,NGN/MT,Agricom,wholesale,National,1650.0,,2026-03-10,0.95,True,Historical data from Instagram posts (Jan-Feb 2025),historical
Hibiscus,2025-02-27,1540000.0,NGN,NGN/MT,Agricom,wholesale,National,1650.0,,2026-03-10,0.95,True,Historical data from Instagram posts (Jan-Feb 2025),historical
Hibiscus,2025-02-28,1540000.0,NGN,NGN/MT,Agricom,wholesale,National,1650.0,,2026-03-10,0.95,True,Historical data from Instagram posts (Jan-Feb 2025),historical
Hibiscus,2025-06-10,1700000.0,NGN,NGN/MT,Agricom,wholesale,National,1650.0,,2026-03-06,0.95,True,Historical data from Instagram posts (June-July 2025),historical
Hibiscus,2025-06-11,1700000.0,NGN,NGN/MT,Agricom,wholesale,National,1650.0,,2026-03-06,0.95,True,Historical data from Instagram posts (June-July 2025),historical
Hibiscus,2025-06-13,1700000.0,NGN,NGN/MT,Agricom,wholesale,National,1650.0,,2026-03-06,0.95,True,Historical data from Instagram posts (June-July 2025),historical
Hibiscus,2025-06-16,1700000.0,NGN,NGN/MT,Agricom,wholesale,National,1650.0,,2026-03-06,0.95,True,Historical data from Instagram posts (June-July 2025),historical
Hibiscus,2025-06-17,1700000.0,NGN,NGN/MT,Agricom,wholesale,National,1650.0,,2026-03-06,0.95,True,Historical data from Instagram posts (June-July 2025),historical
Hibiscus,2025-06-18,1740000.0,NGN,NGN/MT,Agricom,wholesale,National,1650.0,,2026-03-06,0.95,True,Historical data from Instagram posts (June-July 2025),historical
Hibiscus,2025-06-19,1740000.0,NGN,NGN/MT,Agricom,wholesale,National,1650.0,,2026-03-06,0.95,True,Historical data from Instagram posts (June-July 2025),historical
Hibiscus,2025-06-20,1740000.0,NGN,NGN/MT,Agricom,wholesale,National,1650.0,,2026-03-06,0.95,True,Historical data from Instagram posts (June-July 2025),historical
Hibiscus,2025-06-23,1740000.0,NGN,NGN/MT,Agricom,wholesale,National,1650.0,,2026-03-06,0.95,True,Historical data from Instagram posts (June-July 2025),historical
Hibiscus,2025-06-24,1740000.0,NGN,NGN/MT,Agricom,wholesale,National,1650.0,,2026-03-06,0.95,True,Historical data from Instagram posts (June-July 2025),historical
Hibiscus,2025-06-25,1740000.0,NGN,NGN/MT,Agricom,wholesale,National,1650.0,,2026-03-06,0.95,True,Historical data from Instagram posts (June-July 2025),historical
Hibiscus,2025-06-26,1700000.0,NGN,NGN/MT,Agricom,wholesale,National,1650.0,,2026-03-06,0.95,True,Historical data from Instagram posts (June-July 2025),historical
Hibiscus,2025-06-27,1700000.0,NGN,NGN/MT,Agricom,wholesale,National,1650.0,,2026-03-06,0.95,True,Historical data from Instagram posts (June-July 2025),historical
Hibiscus,2025-06-30,1700000.0,NGN,NGN/MT,Agricom,wholesale,National,1650.0,,2026-03-06,0.95,True,Historical data from Instagram posts (June-July 2025),historical
Hibiscus,2025-07-01,1700000.0,NGN,NGN/MT,Agricom,wholesale,National,1650.0,,2026-03-06,0.95,True,Historical data from Instagram posts (June-July 2025),historical
Hibiscus,2025-07-02,1660000.0,NGN,NGN/MT,Agricom,wholesale,National,1650.0,,2026-03-06,0.95,True,Historical data from Instagram posts (June-July 2025),historical
Hibiscus,2025-07-03,1660000.0,NGN,NGN/MT,Agricom,wholesale,National,1650.0,,2026-03-06,0.95,True,Historical data from Instagram posts (June-July 2025),historical
Hibiscus,2025-07-04,1660000.0,NGN,NGN/MT,Agricom,wholesale,National,1650.0,,2026-03-06,0.95,True,Historical data from Instagram posts (June-July 2025),historical
Hibiscus,2025-07-07,1660000.0,NGN,NGN/MT,Agricom,wholesale,National,1650.0,,2026-03-06,0.95,True,Historical data from Instagram posts (June-July 2025),historical
Hibiscus,2025-07-08,1660000.0,NGN,NGN/MT,Agricom,wholesale,National,1650.0,,2026-03-06,0.95,True,Historical data from Instagram posts (June-July 2025),historical
Hibiscus,2025-07-09,1690000.0,NGN,NGN/MT,Agricom,wholesale,National,1650.0,,2026-03-06,0.95,True,Historical data from Instagram posts (June-July 2025),historical
Hibiscus,2025-07-10,1690000.0,NGN,NGN/MT,Agricom,wholesale,National,1650.0,,2026-03-06,0.95,True,Historical data from Instagram posts (June-July 2025),historical
Hibiscus,2025-07-11,1690000.0,NGN,NGN/MT,Agricom,wholesale,National,1650.0,,2026-03-06,0.95,True,Historical data from Instagram posts (June-July 2025),historical
Hibiscus,2025-07-14,1700000.0,NGN,NGN/MT,Agricom,wholesale,National,1650.0,,2026-03-06,0.95,True,Historical data from Instagram posts (June-July 2025),historical
Hibiscus,2025-07-15,1700000.0,NGN,NGN/MT,Agricom,wholesale,National,1650.0,,2026-03-06,0.95,True,Historical data from Instagram posts (June-July 2025),historical
Hibiscus,2025-07-16,1700000.0,NGN,NGN/MT,Agricom,wholesale,National,1650.0,,2026-03-06,0.95,True,Historical data from Instagram posts (June-July 2025),historical
Hibiscus,2025-07-17,1700000.0,NGN,NGN/MT,Agricom,wholesale,National,1650.0,,2026-03-06,0.95,True,Historical data from Instagram posts (June-July 2025),historical
Hibiscus,2025-07-18,1710000.0,NGN,NGN/MT,Agricom,wholesale,National,1650.0,,2026-03-06,0.95,True,Historical data from Instagram posts (June-July 2025),historical
Hibiscus,2025-07-21,1700000.0,NGN,NGN/MT,Agricom,wholesale,National,1650.0,,2026-03-06,0.95,True,Historical data from Instagram posts (June-July 2025),historical
Hibiscus,2025-07-22,1700000.0,NGN,NGN/MT,Agricom,wholesale,National,1650.0,,2026-03-06,0.95,True,Historical data from Instagram posts (June-July 2025),historical
Hibiscus,2025-07-23,1700000.0,NGN,NGN/MT,Agricom,wholesale,National,1650.0,,2026-03-06,0.95,True,Historical data from Instagram posts (June-July 2025),historical
Hibiscus,2025-07-24,1700000.0,NGN,NGN/MT,Agricom,wholesale,National,1650.0,,2026-03-06,0.95,True,Historical data from Instagram posts (June-July 2025),historical
Hibiscus,2025-09-01,1610000.0,NGN,NGN/MT,Agricom,wholesale,National,1650.0,,2026-03-03,0.95,True,Historical data from Instagram posts,historical
Hibiscus,2025-09-03,1600000.0,NGN,NGN/MT,Agricom,wholesale,National,1650.0,,2026-03-03,0.95,True,Historical data from Instagram posts,historical
Hibiscus,2025-09-04,1600000.0,NGN,NGN/MT,Agricom,wholesale,National,1650.0,,2026-03-03,0.95,True,Historical data from Instagram posts,historical
Hibiscus,2025-09-08,1600000.0,NGN,NGN/MT,Agricom,wholesale,National,1650.0,,2026-03-03,0.95,True,Historical data from Instagram posts,historical
Hibiscus,2025-09-09,1610000.0,NGN,NGN/MT,Agricom,wholesale,National,1650.0,,2026-03-03,0.95,True,Historical data from Instagram posts,historical
Hibiscus,2025-09-10,1610000.0,NGN,NGN/MT,Agricom,wholesale,National,1650.0,,2026-03-03,0.95,True,Historical data from Instagram posts,historical
Hibiscus,2025-09-11,1610000.0,NGN,NGN/MT,Agricom,wholesale,National,1650.0,,2026-03-03,0.95,True,Historical data from Instagram posts,historical
Hibiscus,2025-09-12,1610000.0,NGN,NGN/MT,Agricom,wholesale,National,1650.0,,2026-03-03,0.95,True,Historical data from Instagram posts,historical
Hibiscus,2025-09-15,1580000.0,NGN,NGN/MT,Agricom,wholesale,National,1650.0,,2026-03-03,0.95,True,Historical data from Instagram posts,historical
Hibiscus,2025-09-16,1580000.0,NGN,NGN/MT,Agricom,wholesale,National,1650.0,,2026-03-03,0.95,True,Historical data from Instagram posts,historical
Hibiscus,2025-09-17,1580000.0,NGN,NGN/MT,Agricom,wholesale,National,1650.0,,2026-03-03,0.95,True,Historical data from Instagram posts,historical
Hibiscus,2025-09-18,1580000.0,NGN,NGN/MT,Agricom,wholesale,National,1650.0,,2026-03-03,0.95,True,Historical data from Instagram posts,historical
Hibiscus,2025-09-19,1580000.0,NGN,NGN/MT,Agricom,wholesale,National,1650.0,,2026-03-03,0.95,True,Historical data from Instagram posts,historical
Hibiscus,2025-09-22,1580000.0,NGN,NGN/MT,Agricom,wholesale,National,1650.0,,2026-03-03,0.95,True,Historical data from Instagram posts,historical
Hibiscus,2025-09-23,1590000.0,NGN,NGN/MT,Agricom,wholesale,National,1650.0,,2026-03-03,0.95,True,Historical data from Instagram posts,historical
Hibiscus,2025-09-24,1590000.0,NGN,NGN/MT,Agricom,wholesale,National,1650.0,,2026-03-03,0.95,True,Historical data from Instagram posts,historical
Hibiscus,2025-09-25,1590000.0,NGN,NGN/MT,Agricom,wholesale,National,1650.0,,2026-03-03,0.95,True,Historical data from Instagram posts,historical
Hibiscus,2025-09-26,1570000.0,NGN,NGN/MT,Agricom,wholesale,National,1650.0,,2026-03-03,0.95,True,Historical data from Instagram posts,historical
Hibiscus,2025-09-29,1570000.0,NGN,NGN/MT,Agricom,wholesale,National,1650.0,,2026-03-03,0.95,True,Historical data from Instagram posts,historical
Hibiscus,2025-09-30,1570000.0,NGN,NGN/MT,Agricom,wholesale,National,1650.0,,2026-03-03,0.95,True,Historical data from Instagram posts,historical
Hibiscus,2025-10-02,1570000.0,NGN,NGN/MT,Agricom,wholesale,National,1650.0,,2026-03-03,0.95,True,Historical data from Instagram posts,historical
Hibiscus,2025-10-03,1570000.0,NGN,NGN/MT,Agricom,wholesale,National,1650.0,,2026-03-03,0.95,True,Historical data from Instagram posts,historical
Hibiscus,2025-10-06,1550000.0,NGN,NGN/MT,Agricom,wholesale,National,1650.0,,2026-03-03,0.95,True,Historical data from Instagram posts,historical
Hibiscus,2025-10-07,1550000.0,NGN,NGN/MT,Agricom,wholesale,National,1650.0,,2026-03-03,0.95,True,Historical data from Instagram posts,historical
Hibiscus,2025-10-08,1550000.0,NGN,NGN/MT,Agricom,wholesale,National,1650.0,,2026-03-03,0.95,True,Historical data from Instagram posts,historical
Hibiscus,2025-10-09,1550000.0,NGN,NGN/MT,Agricom,wholesale,National,1650.0,,2026-03-03,0.95,True,Historical data from Instagram posts,historical
Hibiscus,2025-10-10,1550000.0,NGN,NGN/MT,Agricom,wholesale,National,1650.0,,2026-03-03,0.95,True,Historical data from Instagram posts,historical
Hibiscus,2025-10-13,1550000.0,NGN,NGN/MT,Agricom,wholesale,National,1650.0,,2026-03-03,0.95,True,Historical data from Instagram posts,historical
Hibiscus,2025-10-14,1550000.0,NGN,NGN/MT,Agricom,wholesale,National,1650.0,,2026-03-03,0.95,True,Historical data from Instagram posts,historical
Hibiscus,2025-10-15,1550000.0,NGN,NGN/MT,Agricom,wholesale,National,1650.0,,2026-03-03,0.95,True,Historical data from Instagram posts,historical
Hibiscus,2025-10-16,1550000.0,NGN,NGN/MT,Agricom,wholesale,National,1650.0,,2026-03-03,0.95,True,Historical data from Instagram posts,historical
Hibiscus,2025-10-17,1550000.0,NGN,NGN/MT,Agricom,wholesale,National,1650.0,,2026-03-03,0.95,True,Historical data from Instagram posts,historical
Hibiscus,2025-10-20,1470000.0,NGN,NGN/MT,Agricom,wholesale,National,1650.0,,2026-03-03,0.95,True,Historical data from Instagram posts,historical
Hibiscus,2025-10-21,1470000.0,NGN,NGN/MT,Agricom,wholesale,National,1650.0,,2026-03-03,0.95,True,Historical data from Instagram posts,historical
Hibiscus,2025-10-22,1470000.0,NGN,NGN/MT,Agricom,wholesale,National,1650.0,,2026-03-03,0.95,True,Historical data from Instagram posts,historical
Hibiscus,2025-10-23,1450000.0,NGN,NGN/MT,Agricom,wholesale,National,1650.0,,2026-03-03,0.95,True,Historical data from Instagram posts,historical
Hibiscus,2025-10-24,1450000.0,NGN,NGN/MT,Agricom,wholesale,National,1650.0,,2026-03-03,0.95,True,Historical data from Instagram posts,historical
Hibiscus,2025-10-27,1450000.0,NGN,NGN/MT,Agricom,wholesale,National,1650.0,,2026-02-27,0.95,True,From Agricom Threads - Oct 31,historical
Hibiscus,2025-11-03,1400000.0,NGN,NGN/MT,Agricom,wholesale,National,1650.0,,2026-02-27,0.95,True,From Agricom Threads - Nov 7,historical
Hibiscus,2025-11-10,1350000.0,NGN,NGN/MT,Agricom,wholesale,National,1650.0,,2026-02-27,0.95,True,From Agricom Threads - Nov 14,historical
Hibiscus,2025-11-17,1300000.0,NGN,NGN/MT,Agricom,wholesale,National,1650.0,,2026-02-27,0.95,True,From Agricom Threads - Nov 24,historical
Hibiscus,2025-11-24,1260000.0,NGN,NGN/MT,Agricom,wholesale,National,1650.0,,2026-02-27,0.95,True,From Agricom Threads - Nov 28,historical
Hibiscus,2025-12-01,1220000.0,NGN,NGN/MT,Agricom,wholesale,National,1650.0,,2026-02-27,0.95,True,From Agricom Threads - Dec 5,historical
Hibiscus,2025-12-08,1220000.0,NGN,NGN/MT,Agricom,wholesale,National,1650.0,,2026-02-27,0.95,True,From Agricom Threads - Dec 12,historical
Hibiscus,2025-12-15,1200000.0,NGN,NGN/MT,Agricom,wholesale,National,1650.0,,2026-02-27,0.95,True,From Agricom Threads - Dec 19,historical
Hibiscus,2025-12-22,1200000.0,NGN,NGN/MT,Agricom,wholesale,National,1650.0,,2026-02-27,0.95,True,From Agricom Threads - Dec 23,historical
Hibiscus,2025-12-29,1200000.0,NGN,NGN/MT,Agricom,wholesale,National,1650.0,,2026-02-27,0.95,True,From Agricom Threads - Dec 30,historical
Hibiscus,2026-01-05,1200000.0,NGN,NGN/MT,Agricom,wholesale,National,1650.0,,2026-02-27,0.95,True,From Agricom Threads - Jan 9,historical
Hibiscus,2026-01-12,1320000.0,NGN,NGN/MT,Agricom,wholesale,National,1650.0,,2026-02-27,0.95,True,From Agricom Threads - Jan 16,historical
Hibiscus,2026-01-19,1950000.0,NGN,NGN/MT,Agricom,wholesale,National,1650.0,,2026-02-27,0.95,True,From Agricom Threads - Jan 26,historical
Hibiscus,2026-01-26,2350000.0,NGN,NGN/MT,Agricom,wholesale,National,1650.0,,2026-02-27,0.95,True,From Agricom Threads - Jan 30,historical
Hibiscus,2026-03-11,2550000.0,NGN,NGN/MT,Agricom,wholesale,National,1650.0,,2026-03-12,0.95,True,Historical data from Instagram posts (March 2026),historical
Hibiscus,2026-03-12,2550000.0,NGN,NGN/MT,Agricom,wholesale,National,1650.0,,2026-03-13,0.95,True,Historical data from Instagram posts (March 2026),historical
Hibiscus,2026-03-14,2328629.0,NGN,NGN/MT,Agrolinking Forecast,wholesale,National,1650.0,,2026-03-14,0.9,False,"Forecast by ensemble model | error=None% | weekly_fc=₦2,337,240",forecast
Hibiscus,2026-03-16,2529027.0,NGN,NGN/MT,Agrolinking Forecast,wholesale,National,1650.0,,2026-03-16,0.9,False,"Forecast by ensemble model | daily_change=-0.8% | weekly_fc=₦3,488,603",forecast
Hibiscus,2026-03-17,2645230.0,NGN,NGN/MT,Agrolinking Forecast,wholesale,National,1650.0,,2026-03-17,0.9,False,"Forecast by ensemble model | daily_change=+4.6% | weekly_fc=₦3,475,162",forecast
Hibiscus,2026-03-17,2550000.0,NGN,NGN/MT,Agricom,wholesale,National,1650.0,,2026-03-18,0.95,True,Historical data from Agricom Instagram post,historical
Hibiscus,2026-03-18,2638382.0,NGN,NGN/MT,Agrolinking Forecast,wholesale,National,1650.0,,2026-03-18,0.9,False,"Forecast by ensemble model | daily_change=0.0% | weekly_fc=₦2,579,232",forecast
Hibiscus,2026-03-18,2550000.0,NGN,NGN/MT,Agricom,wholesale,National,1650.0,,2026-03-19,0.95,True,Historical data from Agricom Instagram post,historical
Hibiscus,2026-03-19,2647006.0,NGN,NGN/MT,Agrolinking Forecast,wholesale,National,1650.0,,2026-03-19,0.9,False,"Forecast by ensemble model | daily_change=0.0% | weekly_fc=₦2,576,677",forecast
Hibiscus,2026-03-20,2676170.0,NGN,NGN/MT,Agrolinking Forecast,wholesale,National,1650.0,,2026-03-20,0.9,False,"model=ensemble | daily_change=stable | weekly=₦2,619,329 | biweekly=₦2,409,783",forecast
Hibiscus,2026-03-21,2663158.0,NGN,NGN/MT,Agrolinking Forecast,wholesale,National,1650.0,,2026-03-21,0.9,False,"model=ensemble | daily_change=stable | weekly=₦2,623,788 | biweekly=₦2,413,885",forecast
Hibiscus,2026-03-23,2562253.0,NGN,NGN/MT,Agrolinking Forecast,wholesale,National,1650.0,,2026-03-23,0.9,False,"model=ensemble | daily_chg=stable | weekly=₦1,703,100 | biweekly=₦1,703,100 | 1m=₦1,825,922 | 3m=₦2,289,283 | 6m=₦2,201,841",forecast
Hibiscus,2026-03-24,2459837.0,NGN,NGN/MT,Agrolinking Forecast,wholesale,National,1650.0,,2026-03-24,0.9,False,"model=ensemble | daily_chg=-3.8% | weekly=₦1,686,284 | biweekly=₦1,686,284 | 1m=₦1,597,576 | 3m=₦2,300,741 | 6m=₦2,178,803",forecast
Hibiscus,2026-03-25,2583509.0,NGN,NGN/MT,Agrolinking Forecast,wholesale,National,1650.0,,2026-03-25,0.9,False,"model=ensemble | daily_chg=stable | weekly=₦2,487,361 | biweekly=₦2,288,372 | 1m=₦1,588,993 | 3m=₦2,296,281 | 6m=₦2,179,288",forecast
Hibiscus,2026-03-26,2593055.0,NGN,NGN/MT,Agrolinking Forecast,wholesale,National,1650.0,,2026-03-26,0.9,False,"model=ensemble | daily_chg=stable | weekly=₦2,521,026 | biweekly=₦2,319,344 | 1m=₦1,613,594 | 3m=₦2,304,544 | 6m=₦2,181,356",forecast
Hibiscus,2026-03-27,2628317.0,NGN,NGN/MT,Agrolinking Forecast,wholesale,National,1650.0,,2026-03-27,0.9,False,"model=ensemble | daily_chg=stable | weekly=₦2,585,938 | biweekly=₦2,379,063 | 1m=₦1,633,635 | 3m=₦2,317,988 | 6m=₦2,202,327",forecast
Hibiscus,2026-03-29,2591539.0,NGN,NGN/MT,Agrolinking Forecast,wholesale,National,1650.0,,2026-03-29,0.9,False,"model=ensemble | daily_chg=+1.6% | weekly=₦2,591,539 | biweekly=₦2,424,882 | 1m=₦1,641,020 | 3m=₦2,315,412 | 6m=₦2,205,522",forecast
Hibiscus,2026-03-30,2602476.0,NGN,NGN/MT,Agrolinking AI Pipeline,forecast,National,,,2026-03-30,0.85,True,AI forecast generated 2026-03-30,forecast
Hibiscus,2026-03-31,2602476.0,NGN,NGN/MT,Agrolinking AI Pipeline,forecast,National,,,2026-03-31,0.85,True,AI forecast generated 2026-03-31,forecast
Hibiscus,2026-04-01,2602476.0,NGN,NGN/MT,Agrolinking AI Pipeline,forecast,National,,,2026-04-01,0.85,True,AI forecast generated 2026-04-01,forecast
Hibiscus,2026-04-02,2602476.0,NGN,NGN/MT,Agrolinking AI Pipeline,forecast,National,,,2026-04-02,0.85,True,AI forecast generated 2026-04-02,forecast
Hibiscus,2026-04-03,2602476.0,NGN,NGN/MT,Agrolinking AI Pipeline,forecast,National,,,2026-04-03,0.85,True,AI forecast generated 2026-04-03,forecast
Hibiscus,2026-04-04,2518863.0,NGN,NGN/MT,Agrolinking AI Pipeline,forecast,National,,,2026-04-04,0.85,True,AI forecast generated 2026-04-04,forecast
Hibiscus,2026-04-05,2591539.0,NGN,NGN/MT,Agrolinking AI Pipeline,forecast,National,,,2026-03-29,0.85,True,AI forecast generated 2026-03-29,forecast
Hibiscus,2026-04-06,2577648.0,NGN,NGN/MT,Agrolinking AI Pipeline,forecast,National,,,2026-03-30,0.85,True,AI forecast generated 2026-03-30,forecast
Hibiscus,2026-04-07,2550000.0,NGN,NGN/MT,Agricom Africa,wholesale,National,,,2026-04-16,1.0,True,Agricom Africa weekly post,historical
Hibiscus,2026-04-08,2603108.0,NGN,NGN/MT,Agrolinking AI Pipeline,forecast,National,,,2026-04-01,0.85,True,AI forecast generated 2026-04-01,forecast
Hibiscus,2026-04-09,2627846.0,NGN,NGN/MT,Agrolinking AI Pipeline,forecast,National,,,2026-04-02,0.85,True,AI forecast generated 2026-04-02,forecast
Hibiscus,2026-04-10,2653539.0,NGN,NGN/MT,Agrolinking AI Pipeline,forecast,National,,,2026-04-03,0.85,True,AI forecast generated 2026-04-03,forecast
Hibiscus,2026-04-11,2665036.0,NGN,NGN/MT,Agrolinking AI Pipeline,forecast,National,,,2026-04-04,0.85,True,AI forecast generated 2026-04-04,forecast
Hibiscus,2026-04-12,2424882.0,NGN,NGN/MT,Agrolinking AI Pipeline,forecast,National,,,2026-03-29,0.85,True,AI forecast generated 2026-03-29,forecast
Hibiscus,2026-04-13,2424043.0,NGN,NGN/MT,Agrolinking AI Pipeline,forecast,National,,,2026-03-30,0.85,True,AI forecast generated 2026-03-30,forecast
Hibiscus,2026-04-14,2350000.0,NGN,NGN/MT,Agricom Africa,wholesale,National,,,2026-04-16,1.0,True,Agricom Africa weekly post,historical
Hibiscus,2026-04-15,2392243.0,NGN,NGN/MT,Agrolinking AI Pipeline,forecast,National,,,2026-04-15,0.85,True,AI daily forecast 2026-04-15,forecast
Hibiscus,2026-04-16,2392243.0,NGN,NGN/MT,Agrolinking AI Pipeline,forecast,National,,,2026-04-16,0.85,True,AI daily forecast 2026-04-16,forecast
Hibiscus,2026-04-17,2393708.0,NGN,NGN/MT,Agrolinking AI Pipeline,forecast,National,,,2026-04-17,0.85,True,AI daily forecast 2026-04-17,forecast
Maize (white),2003-09-15,25000.0,NGN,NGN/MT,WFP Nigeria Food Prices,retail,National,,,2026-03-25,0.88,True,WFP VAM data — converted to NGN/MT,historical
Maize (white),2003-10-20,25000.0,NGN,NGN/MT,WFP Nigeria Food Prices,retail,National,,,2026-03-25,0.88,True,WFP VAM data — converted to NGN/MT,historical
Maize (white),2003-12-15,25000.0,NGN,NGN/MT,WFP Nigeria Food Prices,retail,National,,,2026-03-25,0.88,True,WFP VAM data — converted to NGN/MT,historical
Maize (white),2004-02-16,30000.0,NGN,NGN/MT,WFP Nigeria Food Prices,retail,National,,,2026-03-25,0.88,True,WFP VAM data — converted to NGN/MT,historical
Maize (white),2004-07-19,50000.0,NGN,NGN/MT,WFP Nigeria Food Prices,retail,National,,,2026-03-25,0.88,True,WFP VAM data — converted to NGN/MT,historical
Maize (white),2004-09-20,65000.0,NGN,NGN/MT,WFP Nigeria Food Prices,retail,National,,,2026-03-25,0.88,True,WFP VAM data — converted to NGN/MT,historical
Maize (white),2004-10-18,60000.0,NGN,NGN/MT,WFP Nigeria Food Prices,retail,National,,,2026-03-25,0.88,True,WFP VAM data — converted to NGN/MT,historical
Maize (white),2004-11-15,65000.0,NGN,NGN/MT,WFP Nigeria Food Prices,retail,National,,,2026-03-25,0.88,True,WFP VAM data — converted to NGN/MT,historical
Maize (white),2005-01-17,70000.0,NGN,NGN/MT,WFP Nigeria Food Prices,retail,National,,,2026-03-25,0.88,True,WFP VAM data — converted to NGN/MT,historical
Maize (white),2005-03-21,60000.0,NGN,NGN/MT,WFP Nigeria Food Prices,retail,National,,,2026-03-25,0.88,True,WFP VAM data — converted to NGN/MT,historical
Maize (white),2005-04-18,65000.0,NGN,NGN/MT,WFP Nigeria Food Prices,retail,National,,,2026-03-25,0.88,True,WFP VAM data — converted to NGN/MT,historical
Maize (white),2005-05-16,65000.0,NGN,NGN/MT,WFP Nigeria Food Prices,retail,National,,,2026-03-25,0.88,True,WFP VAM data — converted to NGN/MT,historical
Maize (white),2005-07-18,60000.0,NGN,NGN/MT,WFP Nigeria Food Prices,retail,National,,,2026-03-25,0.88,True,WFP VAM data — converted to NGN/MT,historical
Maize (white),2005-08-15,55000.0,NGN,NGN/MT,WFP Nigeria Food Prices,retail,National,,,2026-03-25,0.88,True,WFP VAM data — converted to NGN/MT,historical
Maize (white),2005-09-19,50000.0,NGN,NGN/MT,WFP Nigeria Food Prices,retail,National,,,2026-03-25,0.88,True,WFP VAM data — converted to NGN/MT,historical
Maize (white),2005-10-17,45000.0,NGN,NGN/MT,WFP Nigeria Food Prices,retail,National,,,2026-03-25,0.88,True,WFP VAM data — converted to NGN/MT,historical
Maize (white),2006-02-20,33000.0,NGN,NGN/MT,WFP Nigeria Food Prices,retail,National,,,2026-03-25,0.88,True,WFP VAM data — converted to NGN/MT,historical
Maize (white),2006-03-20,33000.0,NGN,NGN/MT,WFP Nigeria Food Prices,retail,National,,,2026-03-25,0.88,True,WFP VAM data — converted to NGN/MT,historical
Maize (white),2006-04-17,33000.0,NGN,NGN/MT,WFP Nigeria Food Prices,retail,National,,,2026-03-25,0.88,True,WFP VAM data — converted to NGN/MT,historical
Maize (white),2006-05-15,33000.0,NGN,NGN/MT,WFP Nigeria Food Prices,retail,National,,,2026-03-25,0.88,True,WFP VAM data — converted to NGN/MT,historical
Maize (white),2006-07-17,30000.0,NGN,NGN/MT,WFP Nigeria Food Prices,retail,National,,,2026-03-25,0.88,True,WFP VAM data — converted to NGN/MT,historical
Maize (white),2006-08-21,30000.0,NGN,NGN/MT,WFP Nigeria Food Prices,retail,National,,,2026-03-25,0.88,True,WFP VAM data — converted to NGN/MT,historical
Maize (white),2006-09-18,30000.0,NGN,NGN/MT,WFP Nigeria Food Prices,retail,National,,,2026-03-25,0.88,True,WFP VAM data — converted to NGN/MT,historical
Maize (white),2006-10-16,30000.0,NGN,NGN/MT,WFP Nigeria Food Prices,retail,National,,,2026-03-25,0.88,True,WFP VAM data — converted to NGN/MT,historical
Maize (white),2006-11-20,25000.0,NGN,NGN/MT,WFP Nigeria Food Prices,retail,National,,,2026-03-25,0.88,True,WFP VAM data — converted to NGN/MT,historical
Maize (white),2006-12-18,28750.0,NGN,NGN/MT,WFP Nigeria Food Prices,retail,National,,,2026-03-25,0.88,True,WFP VAM data — converted to NGN/MT,historical
Maize (white),2007-01-15,31500.0,NGN,NGN/MT,WFP Nigeria Food Prices,retail,National,,,2026-03-25,0.88,True,WFP VAM data — converted to NGN/MT,historical
Maize (white),2007-03-19,24500.0,NGN,NGN/MT,WFP Nigeria Food Prices,retail,National,,,2026-03-25,0.88,True,WFP VAM data — converted to NGN/MT,historical
Maize (white),2007-05-21,23500.0,NGN,NGN/MT,WFP Nigeria Food Prices,retail,National,,,2026-03-25,0.88,True,WFP VAM data — converted to NGN/MT,historical
Maize (white),2007-09-17,27950.0,NGN,NGN/MT,WFP Nigeria Food Prices,retail,National,,,2026-03-25,0.88,True,WFP VAM data — converted to NGN/MT,historical
Maize (white),2007-10-15,40000.0,NGN,NGN/MT,WFP Nigeria Food Prices,retail,National,,,2026-03-25,0.88,True,WFP VAM data — converted to NGN/MT,historical
Maize (white),2007-12-17,44200.0,NGN,NGN/MT,WFP Nigeria Food Prices,retail,National,,,2026-03-25,0.88,True,WFP VAM data — converted to NGN/MT,historical
Maize (white),2008-02-18,55000.0,NGN,NGN/MT,WFP Nigeria Food Prices,retail,National,,,2026-03-25,0.88,True,WFP VAM data — converted to NGN/MT,historical
Maize (white),2008-03-17,58000.0,NGN,NGN/MT,WFP Nigeria Food Prices,retail,National,,,2026-03-25,0.88,True,WFP VAM data — converted to NGN/MT,historical
Maize (white),2008-04-21,52000.0,NGN,NGN/MT,WFP Nigeria Food Prices,retail,National,,,2026-03-25,0.88,True,WFP VAM data — converted to NGN/MT,historical
Maize (white),2008-06-16,64000.0,NGN,NGN/MT,WFP Nigeria Food Prices,retail,National,,,2026-03-25,0.88,True,WFP VAM data — converted to NGN/MT,historical
Maize (white),2008-07-21,74000.0,NGN,NGN/MT,WFP Nigeria Food Prices,retail,National,,,2026-03-25,0.88,True,WFP VAM data — converted to NGN/MT,historical
Maize (white),2008-08-18,65000.0,NGN,NGN/MT,WFP Nigeria Food Prices,retail,National,,,2026-03-25,0.88,True,WFP VAM data — converted to NGN/MT,historical
Maize (white),2008-09-15,68000.0,NGN,NGN/MT,WFP Nigeria Food Prices,retail,National,,,2026-03-25,0.88,True,WFP VAM data — converted to NGN/MT,historical
Maize (white),2008-10-20,65000.0,NGN,NGN/MT,WFP Nigeria Food Prices,retail,National,,,2026-03-25,0.88,True,WFP VAM data — converted to NGN/MT,historical
Maize (white),2008-11-17,45000.0,NGN,NGN/MT,WFP Nigeria Food Prices,retail,National,,,2026-03-25,0.88,True,WFP VAM data — converted to NGN/MT,historical
Maize (white),2009-03-16,52000.0,NGN,NGN/MT,WFP Nigeria Food Prices,retail,National,,,2026-03-25,0.88,True,WFP VAM data — converted to NGN/MT,historical
Maize (white),2009-05-18,50000.0,NGN,NGN/MT,WFP Nigeria Food Prices,retail,National,,,2026-03-25,0.88,True,WFP VAM data — converted to NGN/MT,historical
Maize (white),2009-07-20,58000.0,NGN,NGN/MT,WFP Nigeria Food Prices,retail,National,,,2026-03-25,0.88,True,WFP VAM data — converted to NGN/MT,historical
Maize (white),2009-08-17,64000.0,NGN,NGN/MT,WFP Nigeria Food Prices,retail,National,,,2026-03-25,0.88,True,WFP VAM data — converted to NGN/MT,historical
Maize (white),2009-09-21,68000.0,NGN,NGN/MT,WFP Nigeria Food Prices,retail,National,,,2026-03-25,0.88,True,WFP VAM data — converted to NGN/MT,historical
Maize (white),2009-10-19,65000.0,NGN,NGN/MT,WFP Nigeria Food Prices,retail,National,,,2026-03-25,0.88,True,WFP VAM data — converted to NGN/MT,historical
Maize (white),2009-11-16,45000.0,NGN,NGN/MT,WFP Nigeria Food Prices,retail,National,,,2026-03-25,0.88,True,WFP VAM data — converted to NGN/MT,historical
Maize (white),2009-12-21,53000.0,NGN,NGN/MT,WFP Nigeria Food Prices,retail,National,,,2026-03-25,0.88,True,WFP VAM data — converted to NGN/MT,historical
Maize (white),2010-01-18,53000.0,NGN,NGN/MT,WFP Nigeria Food Prices,retail,National,,,2026-03-25,0.88,True,WFP VAM data — converted to NGN/MT,historical
Maize (white),2010-02-15,53000.0,NGN,NGN/MT,WFP Nigeria Food Prices,retail,National,,,2026-03-25,0.88,True,WFP VAM data — converted to NGN/MT,historical
Maize (white),2010-03-15,53000.0,NGN,NGN/MT,WFP Nigeria Food Prices,retail,National,,,2026-03-25,0.88,True,WFP VAM data — converted to NGN/MT,historical
Maize (white),2010-04-19,51000.0,NGN,NGN/MT,WFP Nigeria Food Prices,retail,National,,,2026-03-25,0.88,True,WFP VAM data — converted to NGN/MT,historical
Maize (white),2010-05-17,53000.0,NGN,NGN/MT,WFP Nigeria Food Prices,retail,National,,,2026-03-25,0.88,True,WFP VAM data — converted to NGN/MT,historical
Maize (white),2010-06-21,52000.0,NGN,NGN/MT,WFP Nigeria Food Prices,retail,National,,,2026-03-25,0.88,True,WFP VAM data — converted to NGN/MT,historical
Maize (white),2010-08-16,45000.0,NGN,NGN/MT,WFP Nigeria Food Prices,retail,National,,,2026-03-25,0.88,True,WFP VAM data — converted to NGN/MT,historical
Maize (white),2010-10-18,42000.0,NGN,NGN/MT,WFP Nigeria Food Prices,retail,National,,,2026-03-25,0.88,True,WFP VAM data — converted to NGN/MT,historical
Maize (white),2010-11-15,51000.0,NGN,NGN/MT,WFP Nigeria Food Prices,retail,National,,,2026-03-25,0.88,True,WFP VAM data — converted to NGN/MT,historical
Maize (white),2010-12-20,48000.0,NGN,NGN/MT,WFP Nigeria Food Prices,retail,National,,,2026-03-25,0.88,True,WFP VAM data — converted to NGN/MT,historical
Maize (white),2011-01-17,45000.0,NGN,NGN/MT,WFP Nigeria Food Prices,retail,National,,,2026-03-25,0.88,True,WFP VAM data — converted to NGN/MT,historical
Maize (white),2011-02-21,45000.0,NGN,NGN/MT,WFP Nigeria Food Prices,retail,National,,,2026-03-25,0.88,True,WFP VAM data — converted to NGN/MT,historical
Maize (white),2011-03-21,50000.0,NGN,NGN/MT,WFP Nigeria Food Prices,retail,National,,,2026-03-25,0.88,True,WFP VAM data — converted to NGN/MT,historical
Maize (white),2011-04-18,56000.0,NGN,NGN/MT,WFP Nigeria Food Prices,retail,National,,,2026-03-25,0.88,True,WFP VAM data — converted to NGN/MT,historical
Maize (white),2011-06-20,60000.0,NGN,NGN/MT,WFP Nigeria Food Prices,retail,National,,,2026-03-25,0.88,True,WFP VAM data — converted to NGN/MT,historical
Maize (white),2011-07-18,55000.0,NGN,NGN/MT,WFP Nigeria Food Prices,retail,National,,,2026-03-25,0.88,True,WFP VAM data — converted to NGN/MT,historical
Maize (white),2011-09-19,55000.0,NGN,NGN/MT,WFP Nigeria Food Prices,retail,National,,,2026-03-25,0.88,True,WFP VAM data — converted to NGN/MT,historical
Maize (white),2011-10-17,58000.0,NGN,NGN/MT,WFP Nigeria Food Prices,retail,National,,,2026-03-25,0.88,True,WFP VAM data — converted to NGN/MT,historical
Maize (white),2011-11-21,55000.0,NGN,NGN/MT,WFP Nigeria Food Prices,retail,National,,,2026-03-25,0.88,True,WFP VAM data — converted to NGN/MT,historical
Maize (white),2011-12-19,65000.0,NGN,NGN/MT,WFP Nigeria Food Prices,retail,National,,,2026-03-25,0.88,True,WFP VAM data — converted to NGN/MT,historical
Maize (white),2012-01-16,55000.0,NGN,NGN/MT,WFP Nigeria Food Prices,retail,National,,,2026-03-25,0.88,True,WFP VAM data — converted to NGN/MT,historical
Maize (white),2012-02-20,63000.0,NGN,NGN/MT,WFP Nigeria Food Prices,retail,National,,,2026-03-25,0.88,True,WFP VAM data — converted to NGN/MT,historical
Maize (white),2012-03-19,62000.0,NGN,NGN/MT,WFP Nigeria Food Prices,retail,National,,,2026-03-25,0.88,True,WFP VAM data — converted to NGN/MT,historical
Maize (white),2012-05-21,66500.0,NGN,NGN/MT,WFP Nigeria Food Prices,retail,National,,,2026-03-25,0.88,True,WFP VAM data — converted to NGN/MT,historical
Maize (white),2012-06-18,67750.0,NGN,NGN/MT,WFP Nigeria Food Prices,retail,National,,,2026-03-25,0.88,True,WFP VAM data — converted to NGN/MT,historical
Maize (white),2012-07-16,69750.0,NGN,NGN/MT,WFP Nigeria Food Prices,retail,National,,,2026-03-25,0.88,True,WFP VAM data — converted to NGN/MT,historical
Maize (white),2012-08-20,72300.0,NGN,NGN/MT,WFP Nigeria Food Prices,retail,National,,,2026-03-25,0.88,True,WFP VAM data — converted to NGN/MT,historical
Maize (white),2012-09-17,71750.0,NGN,NGN/MT,WFP Nigeria Food Prices,retail,National,,,2026-03-25,0.88,True,WFP VAM data — converted to NGN/MT,historical
Maize (white),2012-10-15,65000.0,NGN,NGN/MT,WFP Nigeria Food Prices,retail,National,,,2026-03-25,0.88,True,WFP VAM data — converted to NGN/MT,historical
Maize (white),2012-11-19,68750.0,NGN,NGN/MT,WFP Nigeria Food Prices,retail,National,,,2026-03-25,0.88,True,WFP VAM data — converted to NGN/MT,historical
Maize (white),2012-12-17,71000.0,NGN,NGN/MT,WFP Nigeria Food Prices,retail,National,,,2026-03-25,0.88,True,WFP VAM data — converted to NGN/MT,historical
Maize (white),2013-01-21,66000.0,NGN,NGN/MT,WFP Nigeria Food Prices,retail,National,,,2026-03-25,0.88,True,WFP VAM data — converted to NGN/MT,historical
Maize (white),2013-02-18,68562.0,NGN,NGN/MT,WFP Nigeria Food Prices,retail,National,,,2026-03-25,0.88,True,WFP VAM data — converted to NGN/MT,historical
Maize (white),2013-03-18,72000.0,NGN,NGN/MT,WFP Nigeria Food Prices,retail,National,,,2026-03-25,0.88,True,WFP VAM data — converted to NGN/MT,historical
Maize (white),2013-04-15,72000.0,NGN,NGN/MT,WFP Nigeria Food Prices,retail,National,,,2026-03-25,0.88,True,WFP VAM data — converted to NGN/MT,historical
Maize (white),2013-05-20,76000.0,NGN,NGN/MT,WFP Nigeria Food Prices,retail,National,,,2026-03-25,0.88,True,WFP VAM data — converted to NGN/MT,historical
Maize (white),2013-06-17,84125.0,NGN,NGN/MT,WFP Nigeria Food Prices,retail,National,,,2026-03-25,0.88,True,WFP VAM data — converted to NGN/MT,historical
Maize (white),2013-07-15,89150.0,NGN,NGN/MT,WFP Nigeria Food Prices,retail,National,,,2026-03-25,0.88,True,WFP VAM data — converted to NGN/MT,historical
Maize (white),2013-08-19,80750.0,NGN,NGN/MT,WFP Nigeria Food Prices,retail,National,,,2026-03-25,0.88,True,WFP VAM data — converted to NGN/MT,historical
Maize (white),2013-09-16,105500.0,NGN,NGN/MT,WFP Nigeria Food Prices,retail,National,,,2026-03-25,0.88,True,WFP VAM data — converted to NGN/MT,historical
Maize (white),2013-10-21,74850.0,NGN,NGN/MT,WFP Nigeria Food Prices,retail,National,,,2026-03-25,0.88,True,WFP VAM data — converted to NGN/MT,historical
Maize (white),2013-11-18,62000.0,NGN,NGN/MT,WFP Nigeria Food Prices,retail,National,,,2026-03-25,0.88,True,WFP VAM data — converted to NGN/MT,historical
Maize (white),2013-12-16,62500.0,NGN,NGN/MT,WFP Nigeria Food Prices,retail,National,,,2026-03-25,0.88,True,WFP VAM data — converted to NGN/MT,historical
Maize (white),2014-01-20,64000.0,NGN,NGN/MT,WFP Nigeria Food Prices,retail,National,,,2026-03-25,0.88,True,WFP VAM data — converted to NGN/MT,historical
Maize (white),2014-02-17,61750.0,NGN,NGN/MT,WFP Nigeria Food Prices,retail,National,,,2026-03-25,0.88,True,WFP VAM data — converted to NGN/MT,historical
Maize (white),2014-03-17,70000.0,NGN,NGN/MT,WFP Nigeria Food Prices,retail,National,,,2026-03-25,0.88,True,WFP VAM data — converted to NGN/MT,historical
Maize (white),2014-04-21,60000.0,NGN,NGN/MT,WFP Nigeria Food Prices,retail,National,,,2026-03-25,0.88,True,WFP VAM data — converted to NGN/MT,historical
Maize (white),2014-05-19,59605.0,NGN,NGN/MT,WFP Nigeria Food Prices,retail,National,,,2026-03-25,0.88,True,WFP VAM data — converted to NGN/MT,historical
Maize (white),2014-06-16,60000.0,NGN,NGN/MT,WFP Nigeria Food Prices,retail,National,,,2026-03-25,0.88,True,WFP VAM data — converted to NGN/MT,historical
Maize (white),2014-07-21,56500.0,NGN,NGN/MT,WFP Nigeria Food Prices,retail,National,,,2026-03-25,0.88,True,WFP VAM data — converted to NGN/MT,historical
Maize (white),2014-08-18,56875.0,NGN,NGN/MT,WFP Nigeria Food Prices,retail,National,,,2026-03-25,0.88,True,WFP VAM data — converted to NGN/MT,historical
Maize (white),2014-09-15,51610.0,NGN,NGN/MT,WFP Nigeria Food Prices,retail,National,,,2026-03-25,0.88,True,WFP VAM data — converted to NGN/MT,historical
Maize (white),2014-10-20,46575.0,NGN,NGN/MT,WFP Nigeria Food Prices,retail,National,,,2026-03-25,0.88,True,WFP VAM data — converted to NGN/MT,historical
Maize (white),2014-11-17,46750.0,NGN,NGN/MT,WFP Nigeria Food Prices,retail,National,,,2026-03-25,0.88,True,WFP VAM data — converted to NGN/MT,historical
Maize (white),2014-12-15,51120.0,NGN,NGN/MT,WFP Nigeria Food Prices,retail,National,,,2026-03-25,0.88,True,WFP VAM data — converted to NGN/MT,historical
Maize (white),2015-01-19,47125.0,NGN,NGN/MT,WFP Nigeria Food Prices,retail,National,,,2026-03-25,0.88,True,WFP VAM data — converted to NGN/MT,historical
Maize (white),2015-02-16,47525.0,NGN,NGN/MT,WFP Nigeria Food Prices,retail,National,,,2026-03-25,0.88,True,WFP VAM data — converted to NGN/MT,historical
Maize (white),2015-03-16,47560.0,NGN,NGN/MT,WFP Nigeria Food Prices,retail,National,,,2026-03-25,0.88,True,WFP VAM data — converted to NGN/MT,historical
Maize (white),2015-04-20,48208.0,NGN,NGN/MT,WFP Nigeria Food Prices,retail,National,,,2026-03-25,0.88,True,WFP VAM data — converted to NGN/MT,historical
Maize (white),2015-05-18,49300.0,NGN,NGN/MT,WFP Nigeria Food Prices,retail,National,,,2026-03-25,0.88,True,WFP VAM data — converted to NGN/MT,historical
Maize (white),2015-06-15,50400.0,NGN,NGN/MT,WFP Nigeria Food Prices,retail,National,,,2026-03-25,0.88,True,WFP VAM data — converted to NGN/MT,historical
Maize (white),2015-07-20,53900.0,NGN,NGN/MT,WFP Nigeria Food Prices,retail,National,,,2026-03-25,0.88,True,WFP VAM data — converted to NGN/MT,historical
Maize (white),2015-08-17,49500.0,NGN,NGN/MT,WFP Nigeria Food Prices,retail,National,,,2026-03-25,0.88,True,WFP VAM data — converted to NGN/MT,historical
Maize (white),2015-09-21,55100.0,NGN,NGN/MT,WFP Nigeria Food Prices,retail,National,,,2026-03-25,0.88,True,WFP VAM data — converted to NGN/MT,historical
Maize (white),2015-10-19,53900.0,NGN,NGN/MT,WFP Nigeria Food Prices,retail,National,,,2026-03-25,0.88,True,WFP VAM data — converted to NGN/MT,historical
Maize (white),2015-11-16,56625.0,NGN,NGN/MT,WFP Nigeria Food Prices,retail,National,,,2026-03-25,0.88,True,WFP VAM data — converted to NGN/MT,historical
Maize (white),2015-12-21,52840.0,NGN,NGN/MT,WFP Nigeria Food Prices,retail,National,,,2026-03-25,0.88,True,WFP VAM data — converted to NGN/MT,historical
Maize (white),2016-01-18,60450.0,NGN,NGN/MT,WFP Nigeria Food Prices,retail,National,,,2026-03-25,0.88,True,WFP VAM data — converted to NGN/MT,historical
Maize (white),2016-02-15,72675.0,NGN,NGN/MT,WFP Nigeria Food Prices,retail,National,,,2026-03-25,0.88,True,WFP VAM data — converted to NGN/MT,historical
Maize (white),2016-03-21,75400.0,NGN,NGN/MT,WFP Nigeria Food Prices,retail,National,,,2026-03-25,0.88,True,WFP VAM data — converted to NGN/MT,historical
Maize (white),2016-04-18,83250.0,NGN,NGN/MT,WFP Nigeria Food Prices,retail,National,,,2026-03-25,0.88,True,WFP VAM data — converted to NGN/MT,historical
Maize (white),2016-05-16,99000.0,NGN,NGN/MT,WFP Nigeria Food Prices,retail,National,,,2026-03-25,0.88,True,WFP VAM data — converted to NGN/MT,historical
Maize (white),2016-06-20,104900.0,NGN,NGN/MT,WFP Nigeria Food Prices,retail,National,,,2026-03-25,0.88,True,WFP VAM data — converted to NGN/MT,historical
Maize (white),2016-07-18,115000.0,NGN,NGN/MT,WFP Nigeria Food Prices,retail,National,,,2026-03-25,0.88,True,WFP VAM data — converted to NGN/MT,historical
Maize (white),2016-08-15,146080.0,NGN,NGN/MT,WFP Nigeria Food Prices,retail,National,,,2026-03-25,0.88,True,WFP VAM data — converted to NGN/MT,historical
Maize (white),2016-09-19,144525.0,NGN,NGN/MT,WFP Nigeria Food Prices,retail,National,,,2026-03-25,0.88,True,WFP VAM data — converted to NGN/MT,historical
Maize (white),2016-10-17,110000.0,NGN,NGN/MT,WFP Nigeria Food Prices,retail,National,,,2026-03-25,0.88,True,WFP VAM data — converted to NGN/MT,historical
Maize (white),2016-11-21,113460.0,NGN,NGN/MT,WFP Nigeria Food Prices,retail,National,,,2026-03-25,0.88,True,WFP VAM data — converted to NGN/MT,historical
Maize (white),2016-12-19,121000.0,NGN,NGN/MT,WFP Nigeria Food Prices,retail,National,,,2026-03-25,0.88,True,WFP VAM data — converted to NGN/MT,historical
Maize (white),2017-01-16,140125.0,NGN,NGN/MT,WFP Nigeria Food Prices,retail,National,,,2026-03-25,0.88,True,WFP VAM data — converted to NGN/MT,historical
Maize (white),2017-02-20,138750.0,NGN,NGN/MT,WFP Nigeria Food Prices,retail,National,,,2026-03-25,0.88,True,WFP VAM data — converted to NGN/MT,historical
Maize (white),2017-03-20,139000.0,NGN,NGN/MT,WFP Nigeria Food Prices,retail,National,,,2026-03-25,0.88,True,WFP VAM data — converted to NGN/MT,historical
Maize (white),2017-04-17,148125.0,NGN,NGN/MT,WFP Nigeria Food Prices,retail,National,,,2026-03-25,0.88,True,WFP VAM data — converted to NGN/MT,historical
Maize (white),2017-05-15,159600.0,NGN,NGN/MT,WFP Nigeria Food Prices,retail,National,,,2026-03-25,0.88,True,WFP VAM data — converted to NGN/MT,historical
Maize (white),2017-06-19,153330.0,NGN,NGN/MT,WFP Nigeria Food Prices,retail,National,,,2026-03-25,0.88,True,WFP VAM data — converted to NGN/MT,historical
Maize (white),2017-07-17,149750.0,NGN,NGN/MT,WFP Nigeria Food Prices,retail,National,,,2026-03-25,0.88,True,WFP VAM data — converted to NGN/MT,historical
Maize (white),2017-08-21,158140.0,NGN,NGN/MT,WFP Nigeria Food Prices,retail,National,,,2026-03-25,0.88,True,WFP VAM data — converted to NGN/MT,historical
Maize (white),2017-09-18,120000.0,NGN,NGN/MT,WFP Nigeria Food Prices,retail,National,,,2026-03-25,0.88,True,WFP VAM data — converted to NGN/MT,historical
Maize (white),2017-10-16,104125.0,NGN,NGN/MT,WFP Nigeria Food Prices,retail,National,,,2026-03-25,0.88,True,WFP VAM data — converted to NGN/MT,historical
Maize (white),2017-11-20,99080.0,NGN,NGN/MT,WFP Nigeria Food Prices,retail,National,,,2026-03-25,0.88,True,WFP VAM data — converted to NGN/MT,historical
Maize (white),2017-12-18,88975.0,NGN,NGN/MT,WFP Nigeria Food Prices,retail,National,,,2026-03-25,0.88,True,WFP VAM data — converted to NGN/MT,historical
Maize (white),2018-01-15,102480.0,NGN,NGN/MT,WFP Nigeria Food Prices,retail,National,,,2026-03-25,0.88,True,WFP VAM data — converted to NGN/MT,historical
Maize (white),2018-02-19,101250.0,NGN,NGN/MT,WFP Nigeria Food Prices,retail,National,,,2026-03-25,0.88,True,WFP VAM data — converted to NGN/MT,historical
Maize (white),2018-03-19,104150.0,NGN,NGN/MT,WFP Nigeria Food Prices,retail,National,,,2026-03-25,0.88,True,WFP VAM data — converted to NGN/MT,historical
Maize (white),2018-04-16,107500.0,NGN,NGN/MT,WFP Nigeria Food Prices,retail,National,,,2026-03-25,0.88,True,WFP VAM data — converted to NGN/MT,historical
Maize (white),2018-05-21,109040.0,NGN,NGN/MT,WFP Nigeria Food Prices,retail,National,,,2026-03-25,0.88,True,WFP VAM data — converted to NGN/MT,historical
Maize (white),2018-06-18,120000.0,NGN,NGN/MT,WFP Nigeria Food Prices,retail,National,,,2026-03-25,0.88,True,WFP VAM data — converted to NGN/MT,historical
Maize (white),2018-07-16,115500.0,NGN,NGN/MT,WFP Nigeria Food Prices,retail,National,,,2026-03-25,0.88,True,WFP VAM data — converted to NGN/MT,historical
Maize (white),2018-08-20,103690.0,NGN,NGN/MT,WFP Nigeria Food Prices,retail,National,,,2026-03-25,0.88,True,WFP VAM data — converted to NGN/MT,historical
Maize (white),2018-09-17,100000.0,NGN,NGN/MT,WFP Nigeria Food Prices,retail,National,,,2026-03-25,0.88,True,WFP VAM data — converted to NGN/MT,historical
Maize (white),2018-10-15,88975.0,NGN,NGN/MT,WFP Nigeria Food Prices,retail,National,,,2026-03-25,0.88,True,WFP VAM data — converted to NGN/MT,historical
Maize (white),2018-11-19,83975.0,NGN,NGN/MT,WFP Nigeria Food Prices,retail,National,,,2026-03-25,0.88,True,WFP VAM data — converted to NGN/MT,historical
Maize (white),2018-12-17,77500.0,NGN,NGN/MT,WFP Nigeria Food Prices,retail,National,,,2026-03-25,0.88,True,WFP VAM data — converted to NGN/MT,historical
Maize (white),2019-01-21,85765.0,NGN,NGN/MT,WFP Nigeria Food Prices,retail,National,,,2026-03-25,0.88,True,WFP VAM data — converted to NGN/MT,historical
Maize (white),2019-02-18,82900.0,NGN,NGN/MT,WFP Nigeria Food Prices,retail,National,,,2026-03-25,0.88,True,WFP VAM data — converted to NGN/MT,historical
Maize (white),2019-03-18,91955.0,NGN,NGN/MT,WFP Nigeria Food Prices,retail,National,,,2026-03-25,0.88,True,WFP VAM data — converted to NGN/MT,historical
Maize (white),2019-04-15,87500.0,NGN,NGN/MT,WFP Nigeria Food Prices,retail,National,,,2026-03-25,0.88,True,WFP VAM data — converted to NGN/MT,historical
Maize (white),2019-05-20,79200.0,NGN,NGN/MT,WFP Nigeria Food Prices,retail,National,,,2026-03-25,0.88,True,WFP VAM data — converted to NGN/MT,historical
Maize (white),2019-06-17,76030.0,NGN,NGN/MT,WFP Nigeria Food Prices,retail,National,,,2026-03-25,0.88,True,WFP VAM data — converted to NGN/MT,historical
Maize (white),2019-07-15,75833.0,NGN,NGN/MT,WFP Nigeria Food Prices,retail,National,,,2026-03-25,0.88,True,WFP VAM data — converted to NGN/MT,historical
Maize (white),2019-08-19,76958.0,NGN,NGN/MT,WFP Nigeria Food Prices,retail,National,,,2026-03-25,0.88,True,WFP VAM data — converted to NGN/MT,historical
Maize (white),2019-09-16,83550.0,NGN,NGN/MT,WFP Nigeria Food Prices,retail,National,,,2026-03-25,0.88,True,WFP VAM data — converted to NGN/MT,historical
Maize (white),2019-10-21,87230.0,NGN,NGN/MT,WFP Nigeria Food Prices,retail,National,,,2026-03-25,0.88,True,WFP VAM data — converted to NGN/MT,historical
Maize (white),2019-11-18,90650.0,NGN,NGN/MT,WFP Nigeria Food Prices,retail,National,,,2026-03-25,0.88,True,WFP VAM data — converted to NGN/MT,historical
Maize (white),2019-12-16,84375.0,NGN,NGN/MT,WFP Nigeria Food Prices,retail,National,,,2026-03-25,0.88,True,WFP VAM data — converted to NGN/MT,historical
Maize (white),2020-01-20,88830.0,NGN,NGN/MT,WFP Nigeria Food Prices,retail,National,,,2026-03-25,0.88,True,WFP VAM data — converted to NGN/MT,historical
Maize (white),2020-02-17,82750.0,NGN,NGN/MT,WFP Nigeria Food Prices,retail,National,,,2026-03-25,0.88,True,WFP VAM data — converted to NGN/MT,historical
Maize (white),2020-03-16,96805.0,NGN,NGN/MT,WFP Nigeria Food Prices,retail,National,,,2026-03-25,0.88,True,WFP VAM data — converted to NGN/MT,historical
Maize (white),2020-04-20,108437.0,NGN,NGN/MT,WFP Nigeria Food Prices,retail,National,,,2026-03-25,0.88,True,WFP VAM data — converted to NGN/MT,historical
Maize (white),2020-05-18,110030.0,NGN,NGN/MT,WFP Nigeria Food Prices,retail,National,,,2026-03-25,0.88,True,WFP VAM data — converted to NGN/MT,historical
Maize (white),2020-06-15,140680.0,NGN,NGN/MT,WFP Nigeria Food Prices,retail,National,,,2026-03-25,0.88,True,WFP VAM data — converted to NGN/MT,historical
Maize (white),2020-07-20,170460.0,NGN,NGN/MT,WFP Nigeria Food Prices,retail,National,,,2026-03-25,0.88,True,WFP VAM data — converted to NGN/MT,historical
Maize (white),2020-08-17,179548.0,NGN,NGN/MT,WFP Nigeria Food Prices,retail,National,,,2026-03-25,0.88,True,WFP VAM data — converted to NGN/MT,historical
Maize (white),2020-09-21,188045.0,NGN,NGN/MT,WFP Nigeria Food Prices,retail,National,,,2026-03-25,0.88,True,WFP VAM data — converted to NGN/MT,historical
Maize (white),2020-10-19,150677.0,NGN,NGN/MT,WFP Nigeria Food Prices,retail,National,,,2026-03-25,0.88,True,WFP VAM data — converted to NGN/MT,historical
Maize (white),2020-11-16,136760.0,NGN,NGN/MT,WFP Nigeria Food Prices,retail,National,,,2026-03-25,0.88,True,WFP VAM data — converted to NGN/MT,historical
Maize (white),2020-12-21,146927.0,NGN,NGN/MT,WFP Nigeria Food Prices,retail,National,,,2026-03-25,0.88,True,WFP VAM data — converted to NGN/MT,historical
Maize (white),2021-01-18,169000.0,NGN,NGN/MT,WFP Nigeria Food Prices,retail,National,,,2026-03-25,0.88,True,WFP VAM data — converted to NGN/MT,historical
Maize (white),2021-02-15,192040.0,NGN,NGN/MT,WFP Nigeria Food Prices,retail,National,,,2026-03-25,0.88,True,WFP VAM data — converted to NGN/MT,historical
Maize (white),2021-03-15,190000.0,NGN,NGN/MT,WFP Nigeria Food Prices,retail,National,,,2026-03-25,0.88,True,WFP VAM data — converted to NGN/MT,historical
Maize (white),2021-04-19,192000.0,NGN,NGN/MT,WFP Nigeria Food Prices,retail,National,,,2026-03-25,0.88,True,WFP VAM data — converted to NGN/MT,historical
Maize (white),2021-05-17,192310.0,NGN,NGN/MT,WFP Nigeria Food Prices,retail,National,,,2026-03-25,0.88,True,WFP VAM data — converted to NGN/MT,historical
Maize (white),2021-06-21,225940.0,NGN,NGN/MT,WFP Nigeria Food Prices,retail,National,,,2026-03-25,0.88,True,WFP VAM data — converted to NGN/MT,historical
Maize (white),2021-07-19,245378.0,NGN,NGN/MT,WFP Nigeria Food Prices,retail,National,,,2026-03-25,0.88,True,WFP VAM data — converted to NGN/MT,historical
Maize (white),2021-08-16,242465.0,NGN,NGN/MT,WFP Nigeria Food Prices,retail,National,,,2026-03-25,0.88,True,WFP VAM data — converted to NGN/MT,historical
Maize (white),2021-09-20,216973.0,NGN,NGN/MT,WFP Nigeria Food Prices,retail,National,,,2026-03-25,0.88,True,WFP VAM data — converted to NGN/MT,historical
Maize (white),2021-10-18,195525.0,NGN,NGN/MT,WFP Nigeria Food Prices,retail,National,,,2026-03-25,0.88,True,WFP VAM data — converted to NGN/MT,historical
Maize (white),2021-11-15,185862.0,NGN,NGN/MT,WFP Nigeria Food Prices,retail,National,,,2026-03-25,0.88,True,WFP VAM data — converted to NGN/MT,historical
Maize (white),2021-12-20,201030.0,NGN,NGN/MT,WFP Nigeria Food Prices,retail,National,,,2026-03-25,0.88,True,WFP VAM data — converted to NGN/MT,historical
Maize (white),2022-01-17,245000.0,NGN,NGN/MT,WFP Nigeria Food Prices,retail,National,,,2026-03-25,0.88,True,WFP VAM data — converted to NGN/MT,historical
Maize (white),2022-02-21,224230.0,NGN,NGN/MT,WFP Nigeria Food Prices,retail,National,,,2026-03-25,0.88,True,WFP VAM data — converted to NGN/MT,historical
Maize (white),2022-03-21,226665.0,NGN,NGN/MT,WFP Nigeria Food Prices,retail,National,,,2026-03-25,0.88,True,WFP VAM data — converted to NGN/MT,historical
Maize (white),2022-04-18,224005.0,NGN,NGN/MT,WFP Nigeria Food Prices,retail,National,,,2026-03-25,0.88,True,WFP VAM data — converted to NGN/MT,historical
Maize (white),2022-05-16,204339.0,NGN,NGN/MT,WFP Nigeria Food Prices,retail,National,,,2026-03-25,0.88,True,WFP VAM data — converted to NGN/MT,historical
Maize (white),2022-06-20,214303.0,NGN,NGN/MT,WFP Nigeria Food Prices,retail,National,,,2026-03-25,0.88,True,WFP VAM data — converted to NGN/MT,historical
Maize (white),2022-07-18,222593.0,NGN,NGN/MT,WFP Nigeria Food Prices,retail,National,,,2026-03-25,0.88,True,WFP VAM data — converted to NGN/MT,historical
Maize (white),2022-08-15,195580.0,NGN,NGN/MT,WFP Nigeria Food Prices,retail,National,,,2026-03-25,0.88,True,WFP VAM data — converted to NGN/MT,historical
Maize (white),2022-09-19,203927.0,NGN,NGN/MT,WFP Nigeria Food Prices,retail,National,,,2026-03-25,0.88,True,WFP VAM data — converted to NGN/MT,historical
Maize (white),2022-10-17,202903.0,NGN,NGN/MT,WFP Nigeria Food Prices,retail,National,,,2026-03-25,0.88,True,WFP VAM data — converted to NGN/MT,historical
Maize (white),2022-11-21,223082.0,NGN,NGN/MT,WFP Nigeria Food Prices,retail,National,,,2026-03-25,0.88,True,WFP VAM data — converted to NGN/MT,historical
Maize (white),2022-12-19,222361.0,NGN,NGN/MT,WFP Nigeria Food Prices,retail,National,,,2026-03-25,0.88,True,WFP VAM data — converted to NGN/MT,historical
Maize (white),2023-01-16,211000.0,NGN,NGN/MT,WFP Nigeria Food Prices,retail,National,,,2026-03-25,0.88,True,WFP VAM data — converted to NGN/MT,historical
Maize (white),2026-03-25,302056.0,NGN,NGN/MT,Agrolinking Forecast,wholesale,National,1650.0,,2026-03-25,0.9,False,"model=ensemble | daily_chg=stable | weekly=₦321,565 | biweekly=₦316,087 | 1m=₦260,415 | 3m=₦303,159 | 6m=₦299,478",forecast
Maize (white),2026-03-26,285292.0,NGN,NGN/MT,Agrolinking Forecast,wholesale,National,1650.0,,2026-03-26,0.9,False,"model=ensemble | daily_chg=-5.5% | weekly=₦264,757 | biweekly=₦258,366 | 1m=₦281,915 | 3m=₦307,077 | 6m=₦303,435",forecast
Maize (white),2026-03-27,217330.0,NGN,NGN/MT,Agrolinking Forecast,wholesale,National,1650.0,,2026-03-27,0.9,False,"model=ensemble | daily_chg=stable | weekly=₦217,166 | biweekly=₦211,895 | 1m=₦288,333 | 3m=₦306,992 | 6m=₦308,163",forecast
Maize (white),2026-03-29,217330.0,NGN,NGN/MT,Agrolinking Forecast,wholesale,National,1650.0,,2026-03-29,0.9,False,"model=ensemble | daily_chg=+3.0% | weekly=₦217,330 | biweekly=₦217,330 | 1m=₦298,165 | 3m=₦309,288 | 6m=₦316,102",forecast
Maize (white),2026-03-30,349675.0,NGN,NGN/MT,Agrolinking AI Pipeline,forecast,National,,,2026-03-30,0.85,True,AI forecast generated 2026-03-30,forecast
Maize (white),2026-03-31,349675.0,NGN,NGN/MT,Agrolinking AI Pipeline,forecast,National,,,2026-03-31,0.85,True,AI forecast generated 2026-03-31,forecast
Maize (white),2026-04-01,349675.0,NGN,NGN/MT,Agrolinking AI Pipeline,forecast,National,,,2026-04-01,0.85,True,AI forecast generated 2026-04-01,forecast
Maize (white),2026-04-02,349675.0,NGN,NGN/MT,Agrolinking AI Pipeline,forecast,National,,,2026-04-02,0.85,True,AI forecast generated 2026-04-02,forecast
Maize (white),2026-04-03,349675.0,NGN,NGN/MT,Agrolinking AI Pipeline,forecast,National,,,2026-04-03,0.85,True,AI forecast generated 2026-04-03,forecast
Maize (white),2026-04-04,340800.0,NGN,NGN/MT,Agrolinking AI Pipeline,forecast,National,,,2026-04-04,0.85,True,AI forecast generated 2026-04-04,forecast
Maize (white),2026-04-05,217330.0,NGN,NGN/MT,Agrolinking AI Pipeline,forecast,National,,,2026-03-29,0.85,True,AI forecast generated 2026-03-29,forecast
Maize (white),2026-04-06,344350.0,NGN,NGN/MT,Agrolinking AI Pipeline,forecast,National,,,2026-03-30,0.85,True,AI forecast generated 2026-03-30,forecast
Maize (white),2026-04-07,344350.0,NGN,NGN/MT,Agrolinking AI Pipeline,forecast,National,,,2026-03-31,0.85,True,AI forecast generated 2026-03-31,forecast
Maize (white),2026-04-08,344350.0,NGN,NGN/MT,Agrolinking AI Pipeline,forecast,National,,,2026-04-01,0.85,True,AI forecast generated 2026-04-01,forecast
Maize (white),2026-04-09,344350.0,NGN,NGN/MT,Agrolinking AI Pipeline,forecast,National,,,2026-04-02,0.85,True,AI forecast generated 2026-04-02,forecast
Maize (white),2026-04-10,344350.0,NGN,NGN/MT,Agrolinking AI Pipeline,forecast,National,,,2026-04-03,0.85,True,AI forecast generated 2026-04-03,forecast
Maize (white),2026-04-11,333700.0,NGN,NGN/MT,Agrolinking AI Pipeline,forecast,National,,,2026-04-04,0.85,True,AI forecast generated 2026-04-04,forecast
Maize (white),2026-04-12,217330.0,NGN,NGN/MT,Agrolinking AI Pipeline,forecast,National,,,2026-03-29,0.85,True,AI forecast generated 2026-03-29,forecast
Maize (white),2026-04-13,337250.0,NGN,NGN/MT,Agrolinking AI Pipeline,forecast,National,,,2026-03-30,0.85,True,AI forecast generated 2026-03-30,forecast
Maize (white),2026-04-14,337250.0,NGN,NGN/MT,Agrolinking AI Pipeline,forecast,National,,,2026-03-31,0.85,True,AI forecast generated 2026-03-31,forecast
Maize (white),2026-04-15,350087.0,NGN,NGN/MT,Agrolinking AI Pipeline,forecast,National,,,2026-04-15,0.85,True,AI daily forecast 2026-04-15,forecast
Maize (white),2026-04-16,361272.0,NGN,NGN/MT,Agrolinking AI Pipeline,forecast,National,,,2026-04-16,0.85,True,AI daily forecast 2026-04-16,forecast
Maize (white),2026-04-17,355539.0,NGN,NGN/MT,Agrolinking AI Pipeline,forecast,National,,,2026-04-17,0.85,True,AI daily forecast 2026-04-17,forecast
Maize (yellow),2014-05-19,70000.0,NGN,NGN/MT,WFP Nigeria Food Prices,retail,National,,,2026-03-25,0.88,True,WFP VAM data — converted to NGN/MT,historical
Maize (yellow),2014-07-21,62000.0,NGN,NGN/MT,WFP Nigeria Food Prices,retail,National,,,2026-03-25,0.88,True,WFP VAM data — converted to NGN/MT,historical
Maize (yellow),2014-08-18,60000.0,NGN,NGN/MT,WFP Nigeria Food Prices,retail,National,,,2026-03-25,0.88,True,WFP VAM data — converted to NGN/MT,historical
Maize (yellow),2014-09-15,50020.0,NGN,NGN/MT,WFP Nigeria Food Prices,retail,National,,,2026-03-25,0.88,True,WFP VAM data — converted to NGN/MT,historical
Maize (yellow),2014-10-20,48000.0,NGN,NGN/MT,WFP Nigeria Food Prices,retail,National,,,2026-03-25,0.88,True,WFP VAM data — converted to NGN/MT,historical
Maize (yellow),2014-11-17,53600.0,NGN,NGN/MT,WFP Nigeria Food Prices,retail,National,,,2026-03-25,0.88,True,WFP VAM data — converted to NGN/MT,historical
Maize (yellow),2014-12-15,53840.0,NGN,NGN/MT,WFP Nigeria Food Prices,retail,National,,,2026-03-25,0.88,True,WFP VAM data — converted to NGN/MT,historical
Maize (yellow),2015-01-19,51100.0,NGN,NGN/MT,WFP Nigeria Food Prices,retail,National,,,2026-03-25,0.88,True,WFP VAM data — converted to NGN/MT,historical
Maize (yellow),2015-02-16,49325.0,NGN,NGN/MT,WFP Nigeria Food Prices,retail,National,,,2026-03-25,0.88,True,WFP VAM data — converted to NGN/MT,historical
Maize (yellow),2015-03-16,49480.0,NGN,NGN/MT,WFP Nigeria Food Prices,retail,National,,,2026-03-25,0.88,True,WFP VAM data — converted to NGN/MT,historical
Maize (yellow),2015-04-20,54875.0,NGN,NGN/MT,WFP Nigeria Food Prices,retail,National,,,2026-03-25,0.88,True,WFP VAM data — converted to NGN/MT,historical
Maize (yellow),2015-05-18,51900.0,NGN,NGN/MT,WFP Nigeria Food Prices,retail,National,,,2026-03-25,0.88,True,WFP VAM data — converted to NGN/MT,historical
Maize (yellow),2015-06-15,50000.0,NGN,NGN/MT,WFP Nigeria Food Prices,retail,National,,,2026-03-25,0.88,True,WFP VAM data — converted to NGN/MT,historical
Maize (yellow),2015-07-20,53200.0,NGN,NGN/MT,WFP Nigeria Food Prices,retail,National,,,2026-03-25,0.88,True,WFP VAM data — converted to NGN/MT,historical
Maize (yellow),2015-08-17,52025.0,NGN,NGN/MT,WFP Nigeria Food Prices,retail,National,,,2026-03-25,0.88,True,WFP VAM data — converted to NGN/MT,historical
Maize (yellow),2015-09-21,61640.0,NGN,NGN/MT,WFP Nigeria Food Prices,retail,National,,,2026-03-25,0.88,True,WFP VAM data — converted to NGN/MT,historical
Maize (yellow),2015-10-19,64000.0,NGN,NGN/MT,WFP Nigeria Food Prices,retail,National,,,2026-03-25,0.88,True,WFP VAM data — converted to NGN/MT,historical
Maize (yellow),2015-11-16,56650.0,NGN,NGN/MT,WFP Nigeria Food Prices,retail,National,,,2026-03-25,0.88,True,WFP VAM data — converted to NGN/MT,historical
Maize (yellow),2015-12-21,55600.0,NGN,NGN/MT,WFP Nigeria Food Prices,retail,National,,,2026-03-25,0.88,True,WFP VAM data — converted to NGN/MT,historical
Maize (yellow),2016-01-18,64375.0,NGN,NGN/MT,WFP Nigeria Food Prices,retail,National,,,2026-03-25,0.88,True,WFP VAM data — converted to NGN/MT,historical
Maize (yellow),2016-02-15,79000.0,NGN,NGN/MT,WFP Nigeria Food Prices,retail,National,,,2026-03-25,0.88,True,WFP VAM data — converted to NGN/MT,historical
Maize (yellow),2016-03-21,75000.0,NGN,NGN/MT,WFP Nigeria Food Prices,retail,National,,,2026-03-25,0.88,True,WFP VAM data — converted to NGN/MT,historical
Maize (yellow),2016-04-18,83250.0,NGN,NGN/MT,WFP Nigeria Food Prices,retail,National,,,2026-03-25,0.88,True,WFP VAM data — converted to NGN/MT,historical
Maize (yellow),2016-05-16,98875.0,NGN,NGN/MT,WFP Nigeria Food Prices,retail,National,,,2026-03-25,0.88,True,WFP VAM data — converted to NGN/MT,historical
Maize (yellow),2016-06-20,110400.0,NGN,NGN/MT,WFP Nigeria Food Prices,retail,National,,,2026-03-25,0.88,True,WFP VAM data — converted to NGN/MT,historical
Maize (yellow),2016-07-18,119250.0,NGN,NGN/MT,WFP Nigeria Food Prices,retail,National,,,2026-03-25,0.88,True,WFP VAM data — converted to NGN/MT,historical
Maize (yellow),2016-08-15,144480.0,NGN,NGN/MT,WFP Nigeria Food Prices,retail,National,,,2026-03-25,0.88,True,WFP VAM data — converted to NGN/MT,historical
Maize (yellow),2016-09-19,131775.0,NGN,NGN/MT,WFP Nigeria Food Prices,retail,National,,,2026-03-25,0.88,True,WFP VAM data — converted to NGN/MT,historical
Maize (yellow),2016-10-17,113000.0,NGN,NGN/MT,WFP Nigeria Food Prices,retail,National,,,2026-03-25,0.88,True,WFP VAM data — converted to NGN/MT,historical
Maize (yellow),2016-11-21,122440.0,NGN,NGN/MT,WFP Nigeria Food Prices,retail,National,,,2026-03-25,0.88,True,WFP VAM data — converted to NGN/MT,historical
Maize (yellow),2016-12-19,129000.0,NGN,NGN/MT,WFP Nigeria Food Prices,retail,National,,,2026-03-25,0.88,True,WFP VAM data — converted to NGN/MT,historical
Maize (yellow),2017-01-16,142500.0,NGN,NGN/MT,WFP Nigeria Food Prices,retail,National,,,2026-03-25,0.88,True,WFP VAM data — converted to NGN/MT,historical
Maize (yellow),2017-02-20,160000.0,NGN,NGN/MT,WFP Nigeria Food Prices,retail,National,,,2026-03-25,0.88,True,WFP VAM data — converted to NGN/MT,historical
Maize (yellow),2017-03-20,143720.0,NGN,NGN/MT,WFP Nigeria Food Prices,retail,National,,,2026-03-25,0.88,True,WFP VAM data — converted to NGN/MT,historical
Maize (yellow),2017-04-17,148000.0,NGN,NGN/MT,WFP Nigeria Food Prices,retail,National,,,2026-03-25,0.88,True,WFP VAM data — converted to NGN/MT,historical
Maize (yellow),2017-05-15,156300.0,NGN,NGN/MT,WFP Nigeria Food Prices,retail,National,,,2026-03-25,0.88,True,WFP VAM data — converted to NGN/MT,historical
Maize (yellow),2017-06-19,154900.0,NGN,NGN/MT,WFP Nigeria Food Prices,retail,National,,,2026-03-25,0.88,True,WFP VAM data — converted to NGN/MT,historical
Maize (yellow),2017-07-17,159800.0,NGN,NGN/MT,WFP Nigeria Food Prices,retail,National,,,2026-03-25,0.88,True,WFP VAM data — converted to NGN/MT,historical
Maize (yellow),2017-08-21,152800.0,NGN,NGN/MT,WFP Nigeria Food Prices,retail,National,,,2026-03-25,0.88,True,WFP VAM data — converted to NGN/MT,historical
Maize (yellow),2017-09-18,132100.0,NGN,NGN/MT,WFP Nigeria Food Prices,retail,National,,,2026-03-25,0.88,True,WFP VAM data — converted to NGN/MT,historical
Maize (yellow),2017-10-16,100625.0,NGN,NGN/MT,WFP Nigeria Food Prices,retail,National,,,2026-03-25,0.88,True,WFP VAM data — converted to NGN/MT,historical
Maize (yellow),2017-11-20,100680.0,NGN,NGN/MT,WFP Nigeria Food Prices,retail,National,,,2026-03-25,0.88,True,WFP VAM data — converted to NGN/MT,historical
Maize (yellow),2017-12-18,99600.0,NGN,NGN/MT,WFP Nigeria Food Prices,retail,National,,,2026-03-25,0.88,True,WFP VAM data — converted to NGN/MT,historical
Maize (yellow),2018-01-15,98970.0,NGN,NGN/MT,WFP Nigeria Food Prices,retail,National,,,2026-03-25,0.88,True,WFP VAM data — converted to NGN/MT,historical
Maize (yellow),2018-02-19,99825.0,NGN,NGN/MT,WFP Nigeria Food Prices,retail,National,,,2026-03-25,0.88,True,WFP VAM data — converted to NGN/MT,historical
Maize (yellow),2018-03-19,100000.0,NGN,NGN/MT,WFP Nigeria Food Prices,retail,National,,,2026-03-25,0.88,True,WFP VAM data — converted to NGN/MT,historical
Maize (yellow),2018-04-16,107500.0,NGN,NGN/MT,WFP Nigeria Food Prices,retail,National,,,2026-03-25,0.88,True,WFP VAM data — converted to NGN/MT,historical
Maize (yellow),2018-05-21,109410.0,NGN,NGN/MT,WFP Nigeria Food Prices,retail,National,,,2026-03-25,0.88,True,WFP VAM data — converted to NGN/MT,historical
Maize (yellow),2018-07-16,107800.0,NGN,NGN/MT,WFP Nigeria Food Prices,retail,National,,,2026-03-25,0.88,True,WFP VAM data — converted to NGN/MT,historical
Maize (yellow),2018-08-20,107560.0,NGN,NGN/MT,WFP Nigeria Food Prices,retail,National,,,2026-03-25,0.88,True,WFP VAM data — converted to NGN/MT,historical
Maize (yellow),2018-09-17,93750.0,NGN,NGN/MT,WFP Nigeria Food Prices,retail,National,,,2026-03-25,0.88,True,WFP VAM data — converted to NGN/MT,historical
Maize (yellow),2018-10-15,88400.0,NGN,NGN/MT,WFP Nigeria Food Prices,retail,National,,,2026-03-25,0.88,True,WFP VAM data — converted to NGN/MT,historical
Maize (yellow),2018-11-19,81480.0,NGN,NGN/MT,WFP Nigeria Food Prices,retail,National,,,2026-03-25,0.88,True,WFP VAM data — converted to NGN/MT,historical
Maize (yellow),2018-12-17,80185.0,NGN,NGN/MT,WFP Nigeria Food Prices,retail,National,,,2026-03-25,0.88,True,WFP VAM data — converted to NGN/MT,historical
Maize (yellow),2019-01-21,78000.0,NGN,NGN/MT,WFP Nigeria Food Prices,retail,National,,,2026-03-25,0.88,True,WFP VAM data — converted to NGN/MT,historical
Maize (yellow),2019-02-18,83425.0,NGN,NGN/MT,WFP Nigeria Food Prices,retail,National,,,2026-03-25,0.88,True,WFP VAM data — converted to NGN/MT,historical
Maize (yellow),2019-03-18,92665.0,NGN,NGN/MT,WFP Nigeria Food Prices,retail,National,,,2026-03-25,0.88,True,WFP VAM data — converted to NGN/MT,historical
Maize (yellow),2019-04-15,85390.0,NGN,NGN/MT,WFP Nigeria Food Prices,retail,National,,,2026-03-25,0.88,True,WFP VAM data — converted to NGN/MT,historical
Maize (yellow),2019-05-20,88460.0,NGN,NGN/MT,WFP Nigeria Food Prices,retail,National,,,2026-03-25,0.88,True,WFP VAM data — converted to NGN/MT,historical
Maize (yellow),2019-06-17,79285.0,NGN,NGN/MT,WFP Nigeria Food Prices,retail,National,,,2026-03-25,0.88,True,WFP VAM data — converted to NGN/MT,historical
Maize (yellow),2019-07-15,80000.0,NGN,NGN/MT,WFP Nigeria Food Prices,retail,National,,,2026-03-25,0.88,True,WFP VAM data — converted to NGN/MT,historical
Maize (yellow),2019-08-19,79405.0,NGN,NGN/MT,WFP Nigeria Food Prices,retail,National,,,2026-03-25,0.88,True,WFP VAM data — converted to NGN/MT,historical
Maize (yellow),2019-09-16,88030.0,NGN,NGN/MT,WFP Nigeria Food Prices,retail,National,,,2026-03-25,0.88,True,WFP VAM data — converted to NGN/MT,historical
Maize (yellow),2019-10-21,90000.0,NGN,NGN/MT,WFP Nigeria Food Prices,retail,National,,,2026-03-25,0.88,True,WFP VAM data — converted to NGN/MT,historical
Maize (yellow),2019-11-18,90150.0,NGN,NGN/MT,WFP Nigeria Food Prices,retail,National,,,2026-03-25,0.88,True,WFP VAM data — converted to NGN/MT,historical
Maize (yellow),2019-12-16,88250.0,NGN,NGN/MT,WFP Nigeria Food Prices,retail,National,,,2026-03-25,0.88,True,WFP VAM data — converted to NGN/MT,historical
Maize (yellow),2020-01-20,91155.0,NGN,NGN/MT,WFP Nigeria Food Prices,retail,National,,,2026-03-25,0.88,True,WFP VAM data — converted to NGN/MT,historical
Maize (yellow),2020-02-17,93250.0,NGN,NGN/MT,WFP Nigeria Food Prices,retail,National,,,2026-03-25,0.88,True,WFP VAM data — converted to NGN/MT,historical
Maize (yellow),2020-03-16,102975.0,NGN,NGN/MT,WFP Nigeria Food Prices,retail,National,,,2026-03-25,0.88,True,WFP VAM data — converted to NGN/MT,historical
Maize (yellow),2020-04-20,109167.0,NGN,NGN/MT,WFP Nigeria Food Prices,retail,National,,,2026-03-25,0.88,True,WFP VAM data — converted to NGN/MT,historical
Maize (yellow),2020-05-18,117530.0,NGN,NGN/MT,WFP Nigeria Food Prices,retail,National,,,2026-03-25,0.88,True,WFP VAM data — converted to NGN/MT,historical
Maize (yellow),2020-06-15,147096.0,NGN,NGN/MT,WFP Nigeria Food Prices,retail,National,,,2026-03-25,0.88,True,WFP VAM data — converted to NGN/MT,historical
Maize (yellow),2020-07-20,169126.0,NGN,NGN/MT,WFP Nigeria Food Prices,retail,National,,,2026-03-25,0.88,True,WFP VAM data — converted to NGN/MT,historical
Maize (yellow),2020-08-17,186587.0,NGN,NGN/MT,WFP Nigeria Food Prices,retail,National,,,2026-03-25,0.88,True,WFP VAM data — converted to NGN/MT,historical
Maize (yellow),2020-09-21,192287.0,NGN,NGN/MT,WFP Nigeria Food Prices,retail,National,,,2026-03-25,0.88,True,WFP VAM data — converted to NGN/MT,historical
Maize (yellow),2020-10-19,145757.0,NGN,NGN/MT,WFP Nigeria Food Prices,retail,National,,,2026-03-25,0.88,True,WFP VAM data — converted to NGN/MT,historical
Maize (yellow),2020-11-16,147500.0,NGN,NGN/MT,WFP Nigeria Food Prices,retail,National,,,2026-03-25,0.88,True,WFP VAM data — converted to NGN/MT,historical
Maize (yellow),2020-12-21,156060.0,NGN,NGN/MT,WFP Nigeria Food Prices,retail,National,,,2026-03-25,0.88,True,WFP VAM data — converted to NGN/MT,historical
Maize (yellow),2021-01-18,178714.0,NGN,NGN/MT,WFP Nigeria Food Prices,retail,National,,,2026-03-25,0.88,True,WFP VAM data — converted to NGN/MT,historical
Maize (yellow),2021-02-15,190500.0,NGN,NGN/MT,WFP Nigeria Food Prices,retail,National,,,2026-03-25,0.88,True,WFP VAM data — converted to NGN/MT,historical
Maize (yellow),2021-03-15,191005.0,NGN,NGN/MT,WFP Nigeria Food Prices,retail,National,,,2026-03-25,0.88,True,WFP VAM data — converted to NGN/MT,historical
Maize (yellow),2021-04-19,200560.0,NGN,NGN/MT,WFP Nigeria Food Prices,retail,National,,,2026-03-25,0.88,True,WFP VAM data — converted to NGN/MT,historical
Maize (yellow),2021-05-17,204974.0,NGN,NGN/MT,WFP Nigeria Food Prices,retail,National,,,2026-03-25,0.88,True,WFP VAM data — converted to NGN/MT,historical
Maize (yellow),2021-06-21,227270.0,NGN,NGN/MT,WFP Nigeria Food Prices,retail,National,,,2026-03-25,0.88,True,WFP VAM data — converted to NGN/MT,historical
Maize (yellow),2021-07-19,251000.0,NGN,NGN/MT,WFP Nigeria Food Prices,retail,National,,,2026-03-25,0.88,True,WFP VAM data — converted to NGN/MT,historical
Maize (yellow),2021-08-16,240839.0,NGN,NGN/MT,WFP Nigeria Food Prices,retail,National,,,2026-03-25,0.88,True,WFP VAM data — converted to NGN/MT,historical
Maize (yellow),2021-09-20,228430.0,NGN,NGN/MT,WFP Nigeria Food Prices,retail,National,,,2026-03-25,0.88,True,WFP VAM data — converted to NGN/MT,historical
Maize (yellow),2021-10-18,179310.0,NGN,NGN/MT,WFP Nigeria Food Prices,retail,National,,,2026-03-25,0.88,True,WFP VAM data — converted to NGN/MT,historical
Maize (yellow),2021-11-15,182530.0,NGN,NGN/MT,WFP Nigeria Food Prices,retail,National,,,2026-03-25,0.88,True,WFP VAM data — converted to NGN/MT,historical
Maize (yellow),2021-12-20,202700.0,NGN,NGN/MT,WFP Nigeria Food Prices,retail,National,,,2026-03-25,0.88,True,WFP VAM data — converted to NGN/MT,historical
Maize (yellow),2022-01-17,224670.0,NGN,NGN/MT,WFP Nigeria Food Prices,retail,National,,,2026-03-25,0.88,True,WFP VAM data — converted to NGN/MT,historical
Maize (yellow),2022-02-21,220000.0,NGN,NGN/MT,WFP Nigeria Food Prices,retail,National,,,2026-03-25,0.88,True,WFP VAM data — converted to NGN/MT,historical
Maize (yellow),2022-03-21,239797.0,NGN,NGN/MT,WFP Nigeria Food Prices,retail,National,,,2026-03-25,0.88,True,WFP VAM data — converted to NGN/MT,historical
Maize (yellow),2022-04-18,234705.0,NGN,NGN/MT,WFP Nigeria Food Prices,retail,National,,,2026-03-25,0.88,True,WFP VAM data — converted to NGN/MT,historical
Maize (yellow),2022-05-16,213019.0,NGN,NGN/MT,WFP Nigeria Food Prices,retail,National,,,2026-03-25,0.88,True,WFP VAM data — converted to NGN/MT,historical
Maize (yellow),2022-06-20,224770.0,NGN,NGN/MT,WFP Nigeria Food Prices,retail,National,,,2026-03-25,0.88,True,WFP VAM data — converted to NGN/MT,historical
Maize (yellow),2022-07-18,222819.0,NGN,NGN/MT,WFP Nigeria Food Prices,retail,National,,,2026-03-25,0.88,True,WFP VAM data — converted to NGN/MT,historical
Maize (yellow),2022-08-15,207625.0,NGN,NGN/MT,WFP Nigeria Food Prices,retail,National,,,2026-03-25,0.88,True,WFP VAM data — converted to NGN/MT,historical
Maize (yellow),2022-09-19,230060.0,NGN,NGN/MT,WFP Nigeria Food Prices,retail,National,,,2026-03-25,0.88,True,WFP VAM data — converted to NGN/MT,historical
Maize (yellow),2022-10-17,204922.0,NGN,NGN/MT,WFP Nigeria Food Prices,retail,National,,,2026-03-25,0.88,True,WFP VAM data — converted to NGN/MT,historical
Maize (yellow),2022-11-21,227147.0,NGN,NGN/MT,WFP Nigeria Food Prices,retail,National,,,2026-03-25,0.88,True,WFP VAM data — converted to NGN/MT,historical
Maize (yellow),2022-12-19,227548.0,NGN,NGN/MT,WFP Nigeria Food Prices,retail,National,,,2026-03-25,0.88,True,WFP VAM data — converted to NGN/MT,historical
Maize (yellow),2023-01-16,227400.0,NGN,NGN/MT,WFP Nigeria Food Prices,retail,National,,,2026-03-25,0.88,True,WFP VAM data — converted to NGN/MT,historical
Maize (yellow),2026-03-25,336970.0,NGN,NGN/MT,Agrolinking Forecast,wholesale,National,1650.0,,2026-03-25,0.9,False,"model=ensemble | daily_chg=stable | weekly=₦346,197 | biweekly=₦340,411 | 1m=₦292,267 | 3m=₦319,241 | 6m=₦339,987",forecast
Maize (yellow),2026-03-26,296664.0,NGN,NGN/MT,Agrolinking Forecast,wholesale,National,1650.0,,2026-03-26,0.9,False,"model=ensemble | daily_chg=-12.0% | weekly=₦277,565 | biweekly=₦261,227 | 1m=₦307,161 | 3m=₦318,076 | 6m=₦342,553",forecast
Maize (yellow),2026-03-27,234222.0,NGN,NGN/MT,Agrolinking Forecast,wholesale,National,1650.0,,2026-03-27,0.9,False,"model=ensemble | daily_chg=stable | weekly=₦227,400 | biweekly=₦227,400 | 1m=₦311,060 | 3m=₦313,927 | 6m=₦344,817",forecast
Maize (yellow),2026-03-29,234222.0,NGN,NGN/MT,Agrolinking Forecast,wholesale,National,1650.0,,2026-03-29,0.9,False,"model=ensemble | daily_chg=+3.0% | weekly=₦234,222 | biweekly=₦234,222 | 1m=₦328,889 | 3m=₦312,499 | 6m=₦348,385",forecast
Maize (yellow),2026-03-30,359525.0,NGN,NGN/MT,Agrolinking AI Pipeline,forecast,National,,,2026-03-30,0.85,True,AI forecast generated 2026-03-30,forecast
Maize (yellow),2026-03-31,359525.0,NGN,NGN/MT,Agrolinking AI Pipeline,forecast,National,,,2026-03-31,0.85,True,AI forecast generated 2026-03-31,forecast
Maize (yellow),2026-04-01,359525.0,NGN,NGN/MT,Agrolinking AI Pipeline,forecast,National,,,2026-04-01,0.85,True,AI forecast generated 2026-04-01,forecast
Maize (yellow),2026-04-02,359525.0,NGN,NGN/MT,Agrolinking AI Pipeline,forecast,National,,,2026-04-02,0.85,True,AI forecast generated 2026-04-02,forecast
Maize (yellow),2026-04-03,359525.0,NGN,NGN/MT,Agrolinking AI Pipeline,forecast,National,,,2026-04-03,0.85,True,AI forecast generated 2026-04-03,forecast
Maize (yellow),2026-04-04,350400.0,NGN,NGN/MT,Agrolinking AI Pipeline,forecast,National,,,2026-04-04,0.85,True,AI forecast generated 2026-04-04,forecast
Maize (yellow),2026-04-05,234222.0,NGN,NGN/MT,Agrolinking AI Pipeline,forecast,National,,,2026-03-29,0.85,True,AI forecast generated 2026-03-29,forecast
Maize (yellow),2026-04-06,354050.0,NGN,NGN/MT,Agrolinking AI Pipeline,forecast,National,,,2026-03-30,0.85,True,AI forecast generated 2026-03-30,forecast
Maize (yellow),2026-04-07,354050.0,NGN,NGN/MT,Agrolinking AI Pipeline,forecast,National,,,2026-03-31,0.85,True,AI forecast generated 2026-03-31,forecast
Maize (yellow),2026-04-08,354050.0,NGN,NGN/MT,Agrolinking AI Pipeline,forecast,National,,,2026-04-01,0.85,True,AI forecast generated 2026-04-01,forecast
Maize (yellow),2026-04-09,354050.0,NGN,NGN/MT,Agrolinking AI Pipeline,forecast,National,,,2026-04-02,0.85,True,AI forecast generated 2026-04-02,forecast
Maize (yellow),2026-04-10,354050.0,NGN,NGN/MT,Agrolinking AI Pipeline,forecast,National,,,2026-04-03,0.85,True,AI forecast generated 2026-04-03,forecast
Maize (yellow),2026-04-11,343100.0,NGN,NGN/MT,Agrolinking AI Pipeline,forecast,National,,,2026-04-04,0.85,True,AI forecast generated 2026-04-04,forecast
Maize (yellow),2026-04-12,234222.0,NGN,NGN/MT,Agrolinking AI Pipeline,forecast,National,,,2026-03-29,0.85,True,AI forecast generated 2026-03-29,forecast
Maize (yellow),2026-04-13,346750.0,NGN,NGN/MT,Agrolinking AI Pipeline,forecast,National,,,2026-03-30,0.85,True,AI forecast generated 2026-03-30,forecast
Maize (yellow),2026-04-14,346750.0,NGN,NGN/MT,Agrolinking AI Pipeline,forecast,National,,,2026-03-31,0.85,True,AI forecast generated 2026-03-31,forecast
Maize (yellow),2026-04-15,377276.0,NGN,NGN/MT,Agrolinking AI Pipeline,forecast,National,,,2026-04-15,0.85,True,AI daily forecast 2026-04-15,forecast
Maize (yellow),2026-04-16,367833.0,NGN,NGN/MT,Agrolinking AI Pipeline,forecast,National,,,2026-04-16,0.85,True,AI daily forecast 2026-04-16,forecast
Maize (yellow),2026-04-17,369664.0,NGN,NGN/MT,Agrolinking AI Pipeline,forecast,National,,,2026-04-17,0.85,True,AI daily forecast 2026-04-17,forecast
Sesame,2025-06-11,2200000.0,NGN,NGN/MT,Agricom,wholesale,National,1650.0,,2026-03-06,0.95,True,Historical data from Instagram posts (June-July 2025),historical
Sesame,2025-06-13,2200000.0,NGN,NGN/MT,Agricom,wholesale,National,1650.0,,2026-03-06,0.95,True,Historical data from Instagram posts (June-July 2025),historical
Sesame,2025-06-16,2200000.0,NGN,NGN/MT,Agricom,wholesale,National,1650.0,,2026-03-06,0.95,True,Historical data from Instagram posts (June-July 2025),historical
Sesame,2025-06-17,2200000.0,NGN,NGN/MT,Agricom,wholesale,National,1650.0,,2026-03-06,0.95,True,Historical data from Instagram posts (June-July 2025),historical
Sesame,2025-06-18,2120000.0,NGN,NGN/MT,Agricom,wholesale,National,1650.0,,2026-03-06,0.95,True,Historical data from Instagram posts (June-July 2025),historical
Sesame,2025-06-19,2120000.0,NGN,NGN/MT,Agricom,wholesale,National,1650.0,,2026-03-06,0.95,True,Historical data from Instagram posts (June-July 2025),historical
Sesame,2025-06-20,2120000.0,NGN,NGN/MT,Agricom,wholesale,National,1650.0,,2026-03-06,0.95,True,Historical data from Instagram posts (June-July 2025),historical
Sesame,2025-06-23,2120000.0,NGN,NGN/MT,Agricom,wholesale,National,1650.0,,2026-03-06,0.95,True,Historical data from Instagram posts (June-July 2025),historical
Sesame,2025-06-24,2120000.0,NGN,NGN/MT,Agricom,wholesale,National,1650.0,,2026-03-06,0.95,True,Historical data from Instagram posts (June-July 2025),historical
Sesame,2025-06-25,2120000.0,NGN,NGN/MT,Agricom,wholesale,National,1650.0,,2026-03-06,0.95,True,Historical data from Instagram posts (June-July 2025),historical
Sesame,2025-06-26,1980000.0,NGN,NGN/MT,Agricom,wholesale,National,1650.0,,2026-03-06,0.95,True,Historical data from Instagram posts (June-July 2025),historical
Sesame,2025-06-27,1980000.0,NGN,NGN/MT,Agricom,wholesale,National,1650.0,,2026-03-06,0.95,True,Historical data from Instagram posts (June-July 2025),historical
Sesame,2025-06-30,1820000.0,NGN,NGN/MT,Agricom,wholesale,National,1650.0,,2026-03-06,0.95,True,Historical data from Instagram posts (June-July 2025),historical
Sesame,2025-07-01,1820000.0,NGN,NGN/MT,Agricom,wholesale,National,1650.0,,2026-03-06,0.95,True,Historical data from Instagram posts (June-July 2025),historical
Sesame,2025-07-02,1760000.0,NGN,NGN/MT,Agricom,wholesale,National,1650.0,,2026-03-06,0.95,True,Historical data from Instagram posts (June-July 2025),historical
Sesame,2025-07-03,1760000.0,NGN,NGN/MT,Agricom,wholesale,National,1650.0,,2026-03-06,0.95,True,Historical data from Instagram posts (June-July 2025),historical
Sesame,2025-07-04,1760000.0,NGN,NGN/MT,Agricom,wholesale,National,1650.0,,2026-03-06,0.95,True,Historical data from Instagram posts (June-July 2025),historical
Sesame,2025-07-07,1760000.0,NGN,NGN/MT,Agricom,wholesale,National,1650.0,,2026-03-06,0.95,True,Historical data from Instagram posts (June-July 2025),historical
Sesame,2025-07-08,1760000.0,NGN,NGN/MT,Agricom,wholesale,National,1650.0,,2026-03-06,0.95,True,Historical data from Instagram posts (June-July 2025),historical
Sesame,2025-07-09,1640000.0,NGN,NGN/MT,Agricom,wholesale,National,1650.0,,2026-03-06,0.95,True,Historical data from Instagram posts (June-July 2025),historical
Sesame,2025-07-10,1640000.0,NGN,NGN/MT,Agricom,wholesale,National,1650.0,,2026-03-06,0.95,True,Historical data from Instagram posts (June-July 2025),historical
Sesame,2025-07-11,1640000.0,NGN,NGN/MT,Agricom,wholesale,National,1650.0,,2026-03-06,0.95,True,Historical data from Instagram posts (June-July 2025),historical
Sesame,2025-07-14,1620000.0,NGN,NGN/MT,Agricom,wholesale,National,1650.0,,2026-03-06,0.95,True,Historical data from Instagram posts (June-July 2025),historical
Sesame,2025-07-15,1620000.0,NGN,NGN/MT,Agricom,wholesale,National,1650.0,,2026-03-06,0.95,True,Historical data from Instagram posts (June-July 2025),historical
Sesame,2025-07-16,1620000.0,NGN,NGN/MT,Agricom,wholesale,National,1650.0,,2026-03-06,0.95,True,Historical data from Instagram posts (June-July 2025),historical
Sesame,2025-07-17,1620000.0,NGN,NGN/MT,Agricom,wholesale,National,1650.0,,2026-03-06,0.95,True,Historical data from Instagram posts (June-July 2025),historical
Sesame,2025-07-18,1650000.0,NGN,NGN/MT,Agricom,wholesale,National,1650.0,,2026-03-06,0.95,True,Historical data from Instagram posts (June-July 2025),historical
Sesame,2025-07-21,1600000.0,NGN,NGN/MT,Agricom,wholesale,National,1650.0,,2026-03-06,0.95,True,Historical data from Instagram posts (June-July 2025),historical
Sesame,2025-07-22,1600000.0,NGN,NGN/MT,Agricom,wholesale,National,1650.0,,2026-03-06,0.95,True,Historical data from Instagram posts (June-July 2025),historical
Sesame,2025-07-23,1600000.0,NGN,NGN/MT,Agricom,wholesale,National,1650.0,,2026-03-06,0.95,True,Historical data from Instagram posts (June-July 2025),historical
Sesame,2025-07-24,1600000.0,NGN,NGN/MT,Agricom,wholesale,National,1650.0,,2026-03-06,0.95,True,Historical data from Instagram posts (June-July 2025),historical
Sesame,2025-09-01,1525000.0,NGN,NGN/MT,Agricom,wholesale,National,1650.0,,2026-03-03,0.95,True,Historical data from Instagram posts,historical
Sesame,2025-09-03,1355000.0,NGN,NGN/MT,Agricom,wholesale,National,1650.0,,2026-03-03,0.95,True,Historical data from Instagram posts,historical
Sesame,2025-09-04,1500000.0,NGN,NGN/MT,Agricom,wholesale,National,1650.0,,2026-03-03,0.95,True,Historical data from Instagram posts,historical
Sesame,2025-09-08,1500000.0,NGN,NGN/MT,Agricom,wholesale,National,1650.0,,2026-03-03,0.95,True,Historical data from Instagram posts,historical
Sesame,2025-09-09,1520000.0,NGN,NGN/MT,Agricom,wholesale,National,1650.0,,2026-03-03,0.95,True,Historical data from Instagram posts,historical
Sesame,2025-09-10,1520000.0,NGN,NGN/MT,Agricom,wholesale,National,1650.0,,2026-03-03,0.95,True,Historical data from Instagram posts,historical
Sesame,2025-09-11,1520000.0,NGN,NGN/MT,Agricom,wholesale,National,1650.0,,2026-03-03,0.95,True,Historical data from Instagram posts,historical
Sesame,2025-09-12,1520000.0,NGN,NGN/MT,Agricom,wholesale,National,1650.0,,2026-03-03,0.95,True,Historical data from Instagram posts,historical
Sesame,2025-09-15,1500000.0,NGN,NGN/MT,Agricom,wholesale,National,1650.0,,2026-03-03,0.95,True,Historical data from Instagram posts,historical
Sesame,2025-09-16,1500000.0,NGN,NGN/MT,Agricom,wholesale,National,1650.0,,2026-03-03,0.95,True,Historical data from Instagram posts,historical
Sesame,2025-09-17,1500000.0,NGN,NGN/MT,Agricom,wholesale,National,1650.0,,2026-03-03,0.95,True,Historical data from Instagram posts,historical
Sesame,2025-09-18,1500000.0,NGN,NGN/MT,Agricom,wholesale,National,1650.0,,2026-03-03,0.95,True,Historical data from Instagram posts,historical
Sesame,2025-09-19,1500000.0,NGN,NGN/MT,Agricom,wholesale,National,1650.0,,2026-03-03,0.95,True,Historical data from Instagram posts,historical
Sesame,2025-09-22,1500000.0,NGN,NGN/MT,Agricom,wholesale,National,1650.0,,2026-03-03,0.95,True,Historical data from Instagram posts,historical
Sesame,2025-09-23,1500000.0,NGN,NGN/MT,Agricom,wholesale,National,1650.0,,2026-03-03,0.95,True,Historical data from Instagram posts,historical
Sesame,2025-09-24,1500000.0,NGN,NGN/MT,Agricom,wholesale,National,1650.0,,2026-03-03,0.95,True,Historical data from Instagram posts,historical
Sesame,2025-09-25,1500000.0,NGN,NGN/MT,Agricom,wholesale,National,1650.0,,2026-03-03,0.95,True,Historical data from Instagram posts,historical
Sesame,2025-09-26,1420000.0,NGN,NGN/MT,Agricom,wholesale,National,1650.0,,2026-03-03,0.95,True,Historical data from Instagram posts,historical
Sesame,2025-09-29,1420000.0,NGN,NGN/MT,Agricom,wholesale,National,1650.0,,2026-03-03,0.95,True,Historical data from Instagram posts,historical
Sesame,2025-09-30,1420000.0,NGN,NGN/MT,Agricom,wholesale,National,1650.0,,2026-03-03,0.95,True,Historical data from Instagram posts,historical
Sesame,2025-10-02,1400000.0,NGN,NGN/MT,Agricom,wholesale,National,1650.0,,2026-03-03,0.95,True,Historical data from Instagram posts,historical
Sesame,2025-10-03,1400000.0,NGN,NGN/MT,Agricom,wholesale,National,1650.0,,2026-03-03,0.95,True,Historical data from Instagram posts,historical
Sesame,2025-10-06,1400000.0,NGN,NGN/MT,Agricom,wholesale,National,1650.0,,2026-03-03,0.95,True,Historical data from Instagram posts,historical
Sesame,2025-10-07,1400000.0,NGN,NGN/MT,Agricom,wholesale,National,1650.0,,2026-03-03,0.95,True,Historical data from Instagram posts,historical
Sesame,2025-10-08,1400000.0,NGN,NGN/MT,Agricom,wholesale,National,1650.0,,2026-03-03,0.95,True,Historical data from Instagram posts,historical
Sesame,2025-10-09,1390000.0,NGN,NGN/MT,Agricom,wholesale,National,1650.0,,2026-03-03,0.95,True,Historical data from Instagram posts,historical
Sesame,2025-10-10,1350000.0,NGN,NGN/MT,Agricom,wholesale,National,1650.0,,2026-03-03,0.95,True,Historical data from Instagram posts,historical
Sesame,2025-10-13,1330000.0,NGN,NGN/MT,Agricom,wholesale,National,1650.0,,2026-03-03,0.95,True,Historical data from Instagram posts,historical
Sesame,2025-10-14,1330000.0,NGN,NGN/MT,Agricom,wholesale,National,1650.0,,2026-03-03,0.95,True,Historical data from Instagram posts,historical
Sesame,2025-10-15,1330000.0,NGN,NGN/MT,Agricom,wholesale,National,1650.0,,2026-03-03,0.95,True,Historical data from Instagram posts,historical
Sesame,2025-10-16,1330000.0,NGN,NGN/MT,Agricom,wholesale,National,1650.0,,2026-03-03,0.95,True,Historical data from Instagram posts,historical
Sesame,2025-10-17,1330000.0,NGN,NGN/MT,Agricom,wholesale,National,1650.0,,2026-03-03,0.95,True,Historical data from Instagram posts,historical
Sesame,2025-10-20,1300000.0,NGN,NGN/MT,Agricom,wholesale,National,1650.0,,2026-03-03,0.95,True,Historical data from Instagram posts,historical
Sesame,2025-10-21,1300000.0,NGN,NGN/MT,Agricom,wholesale,National,1650.0,,2026-03-03,0.95,True,Historical data from Instagram posts,historical
Sesame,2025-10-22,1300000.0,NGN,NGN/MT,Agricom,wholesale,National,1650.0,,2026-03-03,0.95,True,Historical data from Instagram posts,historical
Sesame,2025-10-23,1280000.0,NGN,NGN/MT,Agricom,wholesale,National,1650.0,,2026-03-03,0.95,True,Historical data from Instagram posts,historical
Sesame,2025-10-24,1280000.0,NGN,NGN/MT,Agricom,wholesale,National,1650.0,,2026-03-03,0.95,True,Historical data from Instagram posts,historical
Sesame,2025-10-27,1280000.0,NGN,NGN/MT,Agricom,wholesale,National,1650.0,,2026-02-27,0.95,True,From Agricom Threads - Oct 31,historical
Sesame,2025-11-03,1250000.0,NGN,NGN/MT,Agricom,wholesale,National,1650.0,,2026-02-27,0.95,True,From Agricom Threads - Nov 7,historical
Sesame,2025-11-10,1220000.0,NGN,NGN/MT,Agricom,wholesale,National,1650.0,,2026-02-27,0.95,True,From Agricom Threads - Nov 14,historical
Sesame,2025-11-17,1250000.0,NGN,NGN/MT,Agricom,wholesale,National,1650.0,,2026-02-27,0.95,True,From Agricom Threads - Nov 24,historical
Sesame,2025-11-24,1210000.0,NGN,NGN/MT,Agricom,wholesale,National,1650.0,,2026-02-27,0.95,True,From Agricom Threads - Nov 28,historical
Sesame,2025-12-01,1170000.0,NGN,NGN/MT,Agricom,wholesale,National,1650.0,,2026-02-27,0.95,True,From Agricom Threads - Dec 5,historical
Sesame,2025-12-08,1170000.0,NGN,NGN/MT,Agricom,wholesale,National,1650.0,,2026-02-27,0.95,True,From Agricom Threads - Dec 12,historical
Sesame,2025-12-15,1150000.0,NGN,NGN/MT,Agricom,wholesale,National,1650.0,,2026-02-27,0.95,True,From Agricom Threads - Dec 19,historical
Sesame,2025-12-22,1150000.0,NGN,NGN/MT,Agricom,wholesale,National,1650.0,,2026-02-27,0.95,True,From Agricom Threads - Dec 23,historical
Sesame,2025-12-29,1150000.0,NGN,NGN/MT,Agricom,wholesale,National,1650.0,,2026-02-27,0.95,True,From Agricom Threads - Dec 30,historical
Sesame,2026-01-05,1200000.0,NGN,NGN/MT,Agricom,wholesale,National,1650.0,,2026-02-27,0.95,True,From Agricom Threads - Jan 9,historical
Sesame,2026-01-12,1220000.0,NGN,NGN/MT,Agricom,wholesale,National,1650.0,,2026-02-27,0.95,True,From Agricom Threads - Jan 16,historical
Sesame,2026-01-19,1250000.0,NGN,NGN/MT,Agricom,wholesale,National,1650.0,,2026-02-27,0.95,True,From Agricom Threads - Jan 26,historical
Sesame,2026-01-26,1250000.0,NGN,NGN/MT,Agricom,wholesale,National,1650.0,,2026-02-27,0.95,True,From Agricom Threads - Jan 30,historical
Sesame,2026-02-02,1220000.0,NGN,NGN/MT,Agricom,wholesale,National,1650.0,,2026-02-27,0.95,True,From Agricom Threads - Feb 6,historical
Sesame,2026-02-09,1250000.0,NGN,NGN/MT,Agricom,wholesale,National,1650.0,,2026-02-27,0.95,True,From Agricom Threads - Feb 13,historical
Sesame,2026-02-16,1220000.0,NGN,NGN/MT,Agricom,wholesale,National,1650.0,,2026-02-27,0.95,True,From Agricom Threads - Feb 23,historical
Sesame,2026-02-23,1250000.0,NGN,NGN/MT,Agricom,wholesale,National,1650.0,,2026-02-27,0.95,True,From Agricom Threads - Feb 26,historical
Sesame,2026-03-03,1280000.0,NGN,NGN/MT,Agricom,wholesale,National,1650.0,,2026-03-03,0.95,True,Historical data from Instagram posts,historical
Sesame,2026-03-06,1280000.0,NGN,NGN/MT,Agricom,wholesale,National,1650.0,,2026-03-06,0.95,True,Historical data from Instagram posts (June-July 2025),historical
Sesame,2026-03-09,1280000.0,NGN,NGN/MT,Agricom,wholesale,National,1650.0,,2026-03-10,0.95,True,Historical data from Instagram posts (Jan-Feb 2025),historical
Sesame,2026-03-10,1280000.0,NGN,NGN/MT,Agricom,wholesale,National,1650.0,,2026-03-10,0.95,True,Historical data from Instagram posts (March 2026),historical
Sesame,2026-03-11,1280000.0,NGN,NGN/MT,Agricom,wholesale,National,1650.0,,2026-03-12,0.95,True,Historical data from Instagram posts (March 2026),historical
Sesame,2026-03-12,1280000.0,NGN,NGN/MT,Agricom,wholesale,National,1650.0,,2026-03-13,0.95,True,Historical data from Instagram posts (March 2026),historical
Sesame,2026-03-14,1292871.0,NGN,NGN/MT,Agrolinking Forecast,wholesale,National,1650.0,,2026-03-14,0.9,False,"Forecast by ensemble model | error=None% | weekly_fc=₦1,280,114",forecast
Sesame,2026-03-16,1273658.0,NGN,NGN/MT,Agrolinking Forecast,wholesale,National,1650.0,,2026-03-16,0.9,False,"Forecast by ensemble model | daily_change=-0.5% | weekly_fc=₦1,032,990",forecast
Sesame,2026-03-17,1256014.0,NGN,NGN/MT,Agrolinking Forecast,wholesale,National,1650.0,,2026-03-17,0.9,False,"Forecast by ensemble model | daily_change=-1.4% | weekly_fc=₦1,032,990",forecast
Sesame,2026-03-17,1280000.0,NGN,NGN/MT,Agricom,wholesale,National,1650.0,,2026-03-18,0.95,True,Historical data from Agricom Instagram post,historical
Sesame,2026-03-18,1268964.0,NGN,NGN/MT,Agrolinking Forecast,wholesale,National,1650.0,,2026-03-18,0.9,False,"Forecast by ensemble model | daily_change=0.0% | weekly_fc=₦1,265,221",forecast
Sesame,2026-03-18,1280000.0,NGN,NGN/MT,Agricom,wholesale,National,1650.0,,2026-03-19,0.95,True,Historical data from Agricom Instagram post,historical
Sesame,2026-03-19,1270772.0,NGN,NGN/MT,Agrolinking Forecast,wholesale,National,1650.0,,2026-03-19,0.9,False,"Forecast by ensemble model | daily_change=0.0% | weekly_fc=₦1,268,513",forecast
Sesame,2026-03-20,1267587.0,NGN,NGN/MT,Agrolinking Forecast,wholesale,National,1650.0,,2026-03-20,0.9,False,"model=ensemble | daily_change=stable | weekly=₦1,265,627 | biweekly=₦1,166,747",forecast
Sesame,2026-03-21,1264944.0,NGN,NGN/MT,Agrolinking Forecast,wholesale,National,1650.0,,2026-03-21,0.9,False,"model=ensemble | daily_change=stable | weekly=₦1,265,658 | biweekly=₦1,169,484",forecast
Sesame,2026-03-23,1254806.0,NGN,NGN/MT,Agrolinking Forecast,wholesale,National,1650.0,,2026-03-23,0.9,False,"model=ensemble | daily_chg=-2.0% | weekly=₦1,165,835 | biweekly=₦1,072,568 | 1m=₦965,266 | 3m=₦967,188 | 6m=₦967,875",forecast
Sesame,2026-03-24,1246515.0,NGN,NGN/MT,Agrolinking Forecast,wholesale,National,1650.0,,2026-03-24,0.9,False,"model=ensemble | daily_chg=stable | weekly=₦1,166,552 | biweekly=₦1,073,228 | 1m=₦816,612 | 3m=₦818,423 | 6m=₦819,967",forecast
Sesame,2026-03-25,1263848.0,NGN,NGN/MT,Agrolinking Forecast,wholesale,National,1650.0,,2026-03-25,0.9,False,"model=ensemble | daily_chg=stable | weekly=₦1,253,867 | biweekly=₦1,166,857 | 1m=₦817,941 | 3m=₦815,689 | 6m=₦816,657",forecast
Sesame,2026-03-26,1256775.0,NGN,NGN/MT,Agrolinking Forecast,wholesale,National,1650.0,,2026-03-26,0.9,False,"model=ensemble | daily_chg=stable | weekly=₦1,257,384 | biweekly=₦1,273,515 | 1m=₦1,407,218 | 3m=₦834,137 | 6m=₦820,248",forecast
Sesame,2026-03-27,1262109.0,NGN,NGN/MT,Agrolinking Forecast,wholesale,National,1650.0,,2026-03-27,0.9,False,"model=ensemble | daily_chg=stable | weekly=₦1,257,601 | biweekly=₦1,186,980 | 1m=₦818,365 | 3m=₦818,692 | 6m=₦819,725",forecast
Sesame,2026-03-29,1259051.0,NGN,NGN/MT,Agrolinking Forecast,wholesale,National,1650.0,,2026-03-29,0.9,False,"model=ensemble | daily_chg=-1.6% | weekly=₦1,260,295 | biweekly=₦1,282,089 | 1m=₦1,459,760 | 3m=₦836,695 | 6m=₦820,791",forecast
Sesame,2026-03-30,1243630.0,NGN,NGN/MT,Agrolinking AI Pipeline,forecast,National,,,2026-03-30,0.85,True,AI forecast generated 2026-03-30,forecast
Sesame,2026-03-31,1241872.0,NGN,NGN/MT,Agrolinking AI Pipeline,forecast,National,,,2026-03-31,0.85,True,AI forecast generated 2026-03-31,forecast
Sesame,2026-04-01,1234014.0,NGN,NGN/MT,Agrolinking AI Pipeline,forecast,National,,,2026-04-01,0.85,True,AI forecast generated 2026-04-01,forecast
Sesame,2026-04-02,1252442.0,NGN,NGN/MT,Agrolinking AI Pipeline,forecast,National,,,2026-04-02,0.85,True,AI forecast generated 2026-04-02,forecast
Sesame,2026-04-03,1261420.0,NGN,NGN/MT,Agrolinking AI Pipeline,forecast,National,,,2026-04-03,0.85,True,AI forecast generated 2026-04-03,forecast
Sesame,2026-04-04,1259774.0,NGN,NGN/MT,Agrolinking AI Pipeline,forecast,National,,,2026-04-04,0.85,True,AI forecast generated 2026-04-04,forecast
Sesame,2026-04-05,1260295.0,NGN,NGN/MT,Agrolinking AI Pipeline,forecast,National,,,2026-03-29,0.85,True,AI forecast generated 2026-03-29,forecast
Sesame,2026-04-06,1235666.0,NGN,NGN/MT,Agrolinking AI Pipeline,forecast,National,,,2026-03-30,0.85,True,AI forecast generated 2026-03-30,forecast
Sesame,2026-04-07,1270000.0,NGN,NGN/MT,Agricom Africa,wholesale,National,,,2026-04-16,1.0,True,Agricom Africa weekly post,historical
Sesame,2026-04-08,1294720.0,NGN,NGN/MT,Agrolinking AI Pipeline,forecast,National,,,2026-04-01,0.85,True,AI forecast generated 2026-04-01,forecast
Sesame,2026-04-09,1246307.0,NGN,NGN/MT,Agrolinking AI Pipeline,forecast,National,,,2026-04-02,0.85,True,AI forecast generated 2026-04-02,forecast
Sesame,2026-04-10,1231721.0,NGN,NGN/MT,Agrolinking AI Pipeline,forecast,National,,,2026-04-03,0.85,True,AI forecast generated 2026-04-03,forecast
Sesame,2026-04-11,1237009.0,NGN,NGN/MT,Agrolinking AI Pipeline,forecast,National,,,2026-04-04,0.85,True,AI forecast generated 2026-04-04,forecast
Sesame,2026-04-12,1282089.0,NGN,NGN/MT,Agrolinking AI Pipeline,forecast,National,,,2026-03-29,0.85,True,AI forecast generated 2026-03-29,forecast
Sesame,2026-04-13,1225907.0,NGN,NGN/MT,Agrolinking AI Pipeline,forecast,National,,,2026-03-30,0.85,True,AI forecast generated 2026-03-30,forecast
Sesame,2026-04-14,1240000.0,NGN,NGN/MT,Agricom Africa,wholesale,National,,,2026-04-16,1.0,True,Agricom Africa weekly post,historical
Sesame,2026-04-15,1290118.0,NGN,NGN/MT,Agrolinking AI Pipeline,forecast,National,,,2026-04-15,0.85,True,AI daily forecast 2026-04-15,forecast
Sesame,2026-04-16,1304682.0,NGN,NGN/MT,Agrolinking AI Pipeline,forecast,National,,,2026-04-16,0.85,True,AI daily forecast 2026-04-16,forecast
Sesame,2026-04-17,1252435.0,NGN,NGN/MT,Agrolinking AI Pipeline,forecast,National,,,2026-04-17,0.85,True,AI daily forecast 2026-04-17,forecast
Sorghum,2025-06-11,520000.0,NGN,NGN/MT,Agricom,wholesale,National,1650.0,,2026-03-06,0.95,True,Historical data from Instagram posts (June-July 2025),historical
Sorghum,2025-06-13,520000.0,NGN,NGN/MT,Agricom,wholesale,National,1650.0,,2026-03-06,0.95,True,Historical data from Instagram posts (June-July 2025),historical
Sorghum,2025-06-16,520000.0,NGN,NGN/MT,Agricom,wholesale,National,1650.0,,2026-03-06,0.95,True,Historical data from Instagram posts (June-July 2025),historical
Sorghum,2025-06-17,520000.0,NGN,NGN/MT,Agricom,wholesale,National,1650.0,,2026-03-06,0.95,True,Historical data from Instagram posts (June-July 2025),historical
Sorghum,2025-06-18,510000.0,NGN,NGN/MT,Agricom,wholesale,National,1650.0,,2026-03-06,0.95,True,Historical data from Instagram posts (June-July 2025),historical
Sorghum,2025-06-19,510000.0,NGN,NGN/MT,Agricom,wholesale,National,1650.0,,2026-03-06,0.95,True,Historical data from Instagram posts (June-July 2025),historical
Sorghum,2025-06-20,510000.0,NGN,NGN/MT,Agricom,wholesale,National,1650.0,,2026-03-06,0.95,True,Historical data from Instagram posts (June-July 2025),historical
Sorghum,2025-06-23,510000.0,NGN,NGN/MT,Agricom,wholesale,National,1650.0,,2026-03-06,0.95,True,Historical data from Instagram posts (June-July 2025),historical
Sorghum,2025-06-24,510000.0,NGN,NGN/MT,Agricom,wholesale,National,1650.0,,2026-03-06,0.95,True,Historical data from Instagram posts (June-July 2025),historical
Sorghum,2025-06-25,510000.0,NGN,NGN/MT,Agricom,wholesale,National,1650.0,,2026-03-06,0.95,True,Historical data from Instagram posts (June-July 2025),historical
Sorghum,2025-06-26,490000.0,NGN,NGN/MT,Agricom,wholesale,National,1650.0,,2026-03-06,0.95,True,Historical data from Instagram posts (June-July 2025),historical
Sorghum,2025-06-27,490000.0,NGN,NGN/MT,Agricom,wholesale,National,1650.0,,2026-03-06,0.95,True,Historical data from Instagram posts (June-July 2025),historical
Sorghum,2025-06-30,494000.0,NGN,NGN/MT,Agricom,wholesale,National,1650.0,,2026-03-06,0.95,True,Historical data from Instagram posts (June-July 2025),historical
Sorghum,2025-07-01,494000.0,NGN,NGN/MT,Agricom,wholesale,National,1650.0,,2026-03-06,0.95,True,Historical data from Instagram posts (June-July 2025),historical
Sorghum,2025-07-02,494000.0,NGN,NGN/MT,Agricom,wholesale,National,1650.0,,2026-03-06,0.95,True,Historical data from Instagram posts (June-July 2025),historical
Sorghum,2025-07-03,494000.0,NGN,NGN/MT,Agricom,wholesale,National,1650.0,,2026-03-06,0.95,True,Historical data from Instagram posts (June-July 2025),historical
Sorghum,2025-07-04,494000.0,NGN,NGN/MT,Agricom,wholesale,National,1650.0,,2026-03-06,0.95,True,Historical data from Instagram posts (June-July 2025),historical
Sorghum,2025-07-07,494000.0,NGN,NGN/MT,Agricom,wholesale,National,1650.0,,2026-03-06,0.95,True,Historical data from Instagram posts (June-July 2025),historical
Sorghum,2025-07-08,494000.0,NGN,NGN/MT,Agricom,wholesale,National,1650.0,,2026-03-06,0.95,True,Historical data from Instagram posts (June-July 2025),historical
Sorghum,2025-07-09,490000.0,NGN,NGN/MT,Agricom,wholesale,National,1650.0,,2026-03-06,0.95,True,Historical data from Instagram posts (June-July 2025),historical
Sorghum,2025-07-10,490000.0,NGN,NGN/MT,Agricom,wholesale,National,1650.0,,2026-03-06,0.95,True,Historical data from Instagram posts (June-July 2025),historical
Sorghum,2025-07-11,490000.0,NGN,NGN/MT,Agricom,wholesale,National,1650.0,,2026-03-06,0.95,True,Historical data from Instagram posts (June-July 2025),historical
Sorghum,2025-07-14,495000.0,NGN,NGN/MT,Agricom,wholesale,National,1650.0,,2026-03-06,0.95,True,Historical data from Instagram posts (June-July 2025),historical
Sorghum,2025-07-15,495000.0,NGN,NGN/MT,Agricom,wholesale,National,1650.0,,2026-03-06,0.95,True,Historical data from Instagram posts (June-July 2025),historical
Sorghum,2025-07-16,495000.0,NGN,NGN/MT,Agricom,wholesale,National,1650.0,,2026-03-06,0.95,True,Historical data from Instagram posts (June-July 2025),historical
Sorghum,2025-07-17,495000.0,NGN,NGN/MT,Agricom,wholesale,National,1650.0,,2026-03-06,0.95,True,Historical data from Instagram posts (June-July 2025),historical
Sorghum,2025-07-18,497000.0,NGN,NGN/MT,Agricom,wholesale,National,1650.0,,2026-03-06,0.95,True,Historical data from Instagram posts (June-July 2025),historical
Sorghum,2025-07-21,495000.0,NGN,NGN/MT,Agricom,wholesale,National,1650.0,,2026-03-06,0.95,True,Historical data from Instagram posts (June-July 2025),historical
Sorghum,2025-07-22,495000.0,NGN,NGN/MT,Agricom,wholesale,National,1650.0,,2026-03-06,0.95,True,Historical data from Instagram posts (June-July 2025),historical
Sorghum,2025-07-23,495000.0,NGN,NGN/MT,Agricom,wholesale,National,1650.0,,2026-03-06,0.95,True,Historical data from Instagram posts (June-July 2025),historical
Sorghum,2025-07-24,495000.0,NGN,NGN/MT,Agricom,wholesale,National,1650.0,,2026-03-06,0.95,True,Historical data from Instagram posts (June-July 2025),historical
Sorghum,2025-09-01,415000.0,NGN,NGN/MT,Agricom,wholesale,National,1650.0,,2026-03-03,0.95,True,Historical data from Instagram posts,historical
Sorghum,2025-09-03,425000.0,NGN,NGN/MT,Agricom,wholesale,National,1650.0,,2026-03-03,0.95,True,Historical data from Instagram posts,historical
Sorghum,2025-09-04,430000.0,NGN,NGN/MT,Agricom,wholesale,National,1650.0,,2026-03-03,0.95,True,Historical data from Instagram posts,historical
Sorghum,2025-09-08,430000.0,NGN,NGN/MT,Agricom,wholesale,National,1650.0,,2026-03-03,0.95,True,Historical data from Instagram posts,historical
Sorghum,2025-09-09,430000.0,NGN,NGN/MT,Agricom,wholesale,National,1650.0,,2026-03-03,0.95,True,Historical data from Instagram posts,historical
Sorghum,2025-09-10,430000.0,NGN,NGN/MT,Agricom,wholesale,National,1650.0,,2026-03-03,0.95,True,Historical data from Instagram posts,historical
Sorghum,2025-09-11,430000.0,NGN,NGN/MT,Agricom,wholesale,National,1650.0,,2026-03-03,0.95,True,Historical data from Instagram posts,historical
Sorghum,2025-09-12,430000.0,NGN,NGN/MT,Agricom,wholesale,National,1650.0,,2026-03-03,0.95,True,Historical data from Instagram posts,historical
Sorghum,2025-09-15,430000.0,NGN,NGN/MT,Agricom,wholesale,National,1650.0,,2026-03-03,0.95,True,Historical data from Instagram posts,historical
Sorghum,2025-09-16,430000.0,NGN,NGN/MT,Agricom,wholesale,National,1650.0,,2026-03-03,0.95,True,Historical data from Instagram posts,historical
Sorghum,2025-09-17,430000.0,NGN,NGN/MT,Agricom,wholesale,National,1650.0,,2026-03-03,0.95,True,Historical data from Instagram posts,historical
Sorghum,2025-09-18,430000.0,NGN,NGN/MT,Agricom,wholesale,National,1650.0,,2026-03-03,0.95,True,Historical data from Instagram posts,historical
Sorghum,2025-09-19,430000.0,NGN,NGN/MT,Agricom,wholesale,National,1650.0,,2026-03-03,0.95,True,Historical data from Instagram posts,historical
Sorghum,2025-09-22,430000.0,NGN,NGN/MT,Agricom,wholesale,National,1650.0,,2026-03-03,0.95,True,Historical data from Instagram posts,historical
Sorghum,2025-09-23,445000.0,NGN,NGN/MT,Agricom,wholesale,National,1650.0,,2026-03-03,0.95,True,Historical data from Instagram posts,historical
Sorghum,2025-09-24,445000.0,NGN,NGN/MT,Agricom,wholesale,National,1650.0,,2026-03-03,0.95,True,Historical data from Instagram posts,historical
Sorghum,2025-09-25,445000.0,NGN,NGN/MT,Agricom,wholesale,National,1650.0,,2026-03-03,0.95,True,Historical data from Instagram posts,historical
Sorghum,2025-09-26,440000.0,NGN,NGN/MT,Agricom,wholesale,National,1650.0,,2026-03-03,0.95,True,Historical data from Instagram posts,historical
Sorghum,2025-09-29,440000.0,NGN,NGN/MT,Agricom,wholesale,National,1650.0,,2026-03-03,0.95,True,Historical data from Instagram posts,historical
Sorghum,2025-09-30,445000.0,NGN,NGN/MT,Agricom,wholesale,National,1650.0,,2026-03-03,0.95,True,Historical data from Instagram posts,historical
Sorghum,2025-10-02,445000.0,NGN,NGN/MT,Agricom,wholesale,National,1650.0,,2026-03-03,0.95,True,Historical data from Instagram posts,historical
Sorghum,2025-10-03,445000.0,NGN,NGN/MT,Agricom,wholesale,National,1650.0,,2026-03-03,0.95,True,Historical data from Instagram posts,historical
Sorghum,2025-10-06,445000.0,NGN,NGN/MT,Agricom,wholesale,National,1650.0,,2026-03-03,0.95,True,Historical data from Instagram posts,historical
Sorghum,2025-10-07,445000.0,NGN,NGN/MT,Agricom,wholesale,National,1650.0,,2026-03-03,0.95,True,Historical data from Instagram posts,historical
Sorghum,2025-10-08,445000.0,NGN,NGN/MT,Agricom,wholesale,National,1650.0,,2026-03-03,0.95,True,Historical data from Instagram posts,historical
Sorghum,2025-10-09,460000.0,NGN,NGN/MT,Agricom,wholesale,National,1650.0,,2026-03-03,0.95,True,Historical data from Instagram posts,historical
Sorghum,2025-10-10,460000.0,NGN,NGN/MT,Agricom,wholesale,National,1650.0,,2026-03-03,0.95,True,Historical data from Instagram posts,historical
Sorghum,2025-10-13,450000.0,NGN,NGN/MT,Agricom,wholesale,National,1650.0,,2026-03-03,0.95,True,Historical data from Instagram posts,historical
Sorghum,2025-10-14,450000.0,NGN,NGN/MT,Agricom,wholesale,National,1650.0,,2026-03-03,0.95,True,Historical data from Instagram posts,historical
Sorghum,2025-10-15,450000.0,NGN,NGN/MT,Agricom,wholesale,National,1650.0,,2026-03-03,0.95,True,Historical data from Instagram posts,historical
Sorghum,2025-10-16,430000.0,NGN,NGN/MT,Agricom,wholesale,National,1650.0,,2026-03-03,0.95,True,Historical data from Instagram posts,historical
Sorghum,2025-10-17,450000.0,NGN,NGN/MT,Agricom,wholesale,National,1650.0,,2026-03-03,0.95,True,Historical data from Instagram posts,historical
Sorghum,2025-10-20,430000.0,NGN,NGN/MT,Agricom,wholesale,National,1650.0,,2026-03-03,0.95,True,Historical data from Instagram posts,historical
Sorghum,2025-10-21,430000.0,NGN,NGN/MT,Agricom,wholesale,National,1650.0,,2026-03-03,0.95,True,Historical data from Instagram posts,historical
Sorghum,2025-10-22,430000.0,NGN,NGN/MT,Agricom,wholesale,National,1650.0,,2026-03-03,0.95,True,Historical data from Instagram posts,historical
Sorghum,2025-10-23,430000.0,NGN,NGN/MT,Agricom,wholesale,National,1650.0,,2026-03-03,0.95,True,Historical data from Instagram posts,historical
Sorghum,2025-10-24,430000.0,NGN,NGN/MT,Agricom,wholesale,National,1650.0,,2026-03-03,0.95,True,Historical data from Instagram posts,historical
Sorghum,2025-10-27,430000.0,NGN,NGN/MT,Agricom,wholesale,National,1650.0,,2026-02-27,0.95,True,From Agricom Threads - Oct 31,historical
Sorghum,2025-11-03,400000.0,NGN,NGN/MT,Agricom,wholesale,National,1650.0,,2026-02-27,0.95,True,From Agricom Threads - Nov 7,historical
Sorghum,2025-11-10,350000.0,NGN,NGN/MT,Agricom,wholesale,National,1650.0,,2026-02-27,0.95,True,From Agricom Threads - Nov 14,historical
Sorghum,2025-11-17,360000.0,NGN,NGN/MT,Agricom,wholesale,National,1650.0,,2026-02-27,0.95,True,From Agricom Threads - Nov 24,historical
Sorghum,2025-11-24,360000.0,NGN,NGN/MT,Agricom,wholesale,National,1650.0,,2026-02-27,0.95,True,From Agricom Threads - Nov 28,historical
Sorghum,2025-12-01,330000.0,NGN,NGN/MT,Agricom,wholesale,National,1650.0,,2026-02-27,0.95,True,From Agricom Threads - Dec 5,historical
Sorghum,2025-12-08,330000.0,NGN,NGN/MT,Agricom,wholesale,National,1650.0,,2026-02-27,0.95,True,From Agricom Threads - Dec 12,historical
Sorghum,2025-12-15,350000.0,NGN,NGN/MT,Agricom,wholesale,National,1650.0,,2026-02-27,0.95,True,From Agricom Threads - Dec 19,historical
Sorghum,2025-12-22,350000.0,NGN,NGN/MT,Agricom,wholesale,National,1650.0,,2026-02-27,0.95,True,From Agricom Threads - Dec 23,historical
Sorghum,2025-12-29,350000.0,NGN,NGN/MT,Agricom,wholesale,National,1650.0,,2026-02-27,0.95,True,From Agricom Threads - Dec 30,historical
Sorghum,2026-01-05,330000.0,NGN,NGN/MT,Agricom,wholesale,National,1650.0,,2026-02-27,0.95,True,From Agricom Threads - Jan 9,historical
Sorghum,2026-01-12,340000.0,NGN,NGN/MT,Agricom,wholesale,National,1650.0,,2026-02-27,0.95,True,From Agricom Threads - Jan 16,historical
Sorghum,2026-01-19,320000.0,NGN,NGN/MT,Agricom,wholesale,National,1650.0,,2026-02-27,0.95,True,From Agricom Threads - Jan 26,historical
Sorghum,2026-01-26,300000.0,NGN,NGN/MT,Agricom,wholesale,National,1650.0,,2026-02-27,0.95,True,From Agricom Threads - Jan 30,historical
Sorghum,2026-02-02,300000.0,NGN,NGN/MT,Agricom,wholesale,National,1650.0,,2026-02-27,0.95,True,From Agricom Threads - Feb 6,historical
Sorghum,2026-02-09,300000.0,NGN,NGN/MT,Agricom,wholesale,National,1650.0,,2026-02-27,0.95,True,From Agricom Threads - Feb 13,historical
Sorghum,2026-02-16,300000.0,NGN,NGN/MT,Agricom,wholesale,National,1650.0,,2026-02-27,0.95,True,From Agricom Threads - Feb 23,historical
Sorghum,2026-02-23,275000.0,NGN,NGN/MT,Agricom,wholesale,National,1650.0,,2026-02-27,0.95,True,From Agricom Threads - Feb 26,historical
Sorghum,2026-03-03,285000.0,NGN,NGN/MT,Agricom,wholesale,National,1650.0,,2026-03-03,0.95,True,Historical data from Instagram posts,historical
Sorghum,2026-03-06,285000.0,NGN,NGN/MT,Agricom,wholesale,National,1650.0,,2026-03-06,0.95,True,Historical data from Instagram posts (June-July 2025),historical
Sorghum,2026-03-09,285000.0,NGN,NGN/MT,Agricom,wholesale,National,1650.0,,2026-03-10,0.95,True,Historical data from Instagram posts (Jan-Feb 2025),historical
Sorghum,2026-03-10,285000.0,NGN,NGN/MT,Agricom,wholesale,National,1650.0,,2026-03-10,0.95,True,Historical data from Instagram posts (March 2026),historical
Sorghum,2026-03-11,280000.0,NGN,NGN/MT,Agricom,wholesale,National,1650.0,,2026-03-12,0.95,True,Historical data from Instagram posts (March 2026),historical
Sorghum,2026-03-12,280000.0,NGN,NGN/MT,Agricom,wholesale,National,1650.0,,2026-03-13,0.95,True,Historical data from Instagram posts (March 2026),historical
Sorghum,2026-03-14,290779.0,NGN,NGN/MT,Agrolinking Forecast,wholesale,National,1650.0,,2026-03-14,0.9,False,"Forecast by ensemble model | error=None% | weekly_fc=₦282,354",forecast
Sorghum,2026-03-16,269643.0,NGN,NGN/MT,Agrolinking Forecast,wholesale,National,1650.0,,2026-03-16,0.9,False,"Forecast by ensemble model | daily_change=-3.7% | weekly_fc=₦213,899",forecast
Sorghum,2026-03-17,249010.0,NGN,NGN/MT,Agrolinking Forecast,wholesale,National,1650.0,,2026-03-17,0.9,False,"Forecast by ensemble model | daily_change=-7.7% | weekly_fc=₦209,756",forecast
Sorghum,2026-03-17,280000.0,NGN,NGN/MT,Agricom,wholesale,National,1650.0,,2026-03-18,0.95,True,Historical data from Agricom Instagram post,historical
Sorghum,2026-03-18,276837.0,NGN,NGN/MT,Agrolinking Forecast,wholesale,National,1650.0,,2026-03-18,0.9,False,"Forecast by ensemble model | daily_change=+2.9% | weekly_fc=₦268,629",forecast
Sorghum,2026-03-18,280000.0,NGN,NGN/MT,Agricom,wholesale,National,1650.0,,2026-03-19,0.95,True,Historical data from Agricom Instagram post,historical
Sorghum,2026-03-19,283048.0,NGN,NGN/MT,Agrolinking Forecast,wholesale,National,1650.0,,2026-03-19,0.9,False,"Forecast by ensemble model | daily_change=+2.2% | weekly_fc=₦278,108",forecast
Sorghum,2026-03-20,281272.0,NGN,NGN/MT,Agrolinking Forecast,wholesale,National,1650.0,,2026-03-20,0.9,False,"model=ensemble | daily_change=stable | weekly=₦281,310 | biweekly=₦260,585",forecast
Sorghum,2026-03-21,280503.0,NGN,NGN/MT,Agrolinking Forecast,wholesale,National,1650.0,,2026-03-21,0.9,False,"model=ensemble | daily_change=stable | weekly=₦281,310 | biweekly=₦260,585",forecast
Sorghum,2026-03-23,278033.0,NGN,NGN/MT,Agrolinking Forecast,wholesale,National,1650.0,,2026-03-23,0.9,False,"model=ensemble | daily_chg=stable | weekly=₦262,460 | biweekly=₦241,463 | 1m=₦216,623 | 3m=₦216,944 | 6m=₦217,177",forecast
Sorghum,2026-03-24,276257.0,NGN,NGN/MT,Agrolinking Forecast,wholesale,National,1650.0,,2026-03-24,0.9,False,"model=ensemble | daily_chg=stable | weekly=₦262,460 | biweekly=₦241,463 | 1m=₦182,567 | 3m=₦182,904 | 6m=₦183,149",forecast
Sorghum,2026-03-25,280025.0,NGN,NGN/MT,Agrolinking Forecast,wholesale,National,1650.0,,2026-03-25,0.9,False,"model=ensemble | daily_chg=stable | weekly=₦276,943 | biweekly=₦274,166 | 1m=₦247,345 | 3m=₦193,250 | 6m=₦181,929",forecast
Sorghum,2026-03-26,280368.0,NGN,NGN/MT,Agrolinking Forecast,wholesale,National,1650.0,,2026-03-26,0.9,False,"model=ensemble | daily_chg=stable | weekly=₦278,292 | biweekly=₦280,184 | 1m=₦282,883 | 3m=₦240,223 | 6m=₦203,358",forecast
Sorghum,2026-03-27,279795.0,NGN,NGN/MT,Agrolinking Forecast,wholesale,National,1650.0,,2026-03-27,0.9,False,"model=ensemble | daily_chg=stable | weekly=₦281,492 | biweekly=₦281,280 | 1m=₦283,672 | 3m=₦219,095 | 6m=₦183,391",forecast
Sorghum,2026-03-29,281432.0,NGN,NGN/MT,Agrolinking Forecast,wholesale,National,1650.0,,2026-03-29,0.9,False,"model=ensemble | daily_chg=stable | weekly=₦279,714 | biweekly=₦281,483 | 1m=₦265,132 | 3m=₦194,608 | 6m=₦183,146",forecast
Sorghum,2026-03-30,275191.0,NGN,NGN/MT,Agrolinking AI Pipeline,forecast,National,,,2026-03-30,0.85,True,AI forecast generated 2026-03-30,forecast
Sorghum,2026-03-31,274585.0,NGN,NGN/MT,Agrolinking AI Pipeline,forecast,National,,,2026-03-31,0.85,True,AI forecast generated 2026-03-31,forecast
Sorghum,2026-04-01,284061.0,NGN,NGN/MT,Agrolinking AI Pipeline,forecast,National,,,2026-04-01,0.85,True,AI forecast generated 2026-04-01,forecast
Sorghum,2026-04-02,280024.0,NGN,NGN/MT,Agrolinking AI Pipeline,forecast,National,,,2026-04-02,0.85,True,AI forecast generated 2026-04-02,forecast
Sorghum,2026-04-03,279504.0,NGN,NGN/MT,Agrolinking AI Pipeline,forecast,National,,,2026-04-03,0.85,True,AI forecast generated 2026-04-03,forecast
Sorghum,2026-04-04,282036.0,NGN,NGN/MT,Agrolinking AI Pipeline,forecast,National,,,2026-04-04,0.85,True,AI forecast generated 2026-04-04,forecast
Sorghum,2026-04-05,279714.0,NGN,NGN/MT,Agrolinking AI Pipeline,forecast,National,,,2026-03-29,0.85,True,AI forecast generated 2026-03-29,forecast
Sorghum,2026-04-06,271404.0,NGN,NGN/MT,Agrolinking AI Pipeline,forecast,National,,,2026-03-30,0.85,True,AI forecast generated 2026-03-30,forecast
Sorghum,2026-04-07,320000.0,NGN,NGN/MT,Agricom Africa,wholesale,National,,,2026-04-16,1.0,True,Agricom Africa weekly post,historical
Sorghum,2026-04-08,285001.0,NGN,NGN/MT,Agrolinking AI Pipeline,forecast,National,,,2026-04-01,0.85,True,AI forecast generated 2026-04-01,forecast
Sorghum,2026-04-09,286679.0,NGN,NGN/MT,Agrolinking AI Pipeline,forecast,National,,,2026-04-02,0.85,True,AI forecast generated 2026-04-02,forecast
Sorghum,2026-04-10,288642.0,NGN,NGN/MT,Agrolinking AI Pipeline,forecast,National,,,2026-04-03,0.85,True,AI forecast generated 2026-04-03,forecast
Sorghum,2026-04-11,288536.0,NGN,NGN/MT,Agrolinking AI Pipeline,forecast,National,,,2026-04-04,0.85,True,AI forecast generated 2026-04-04,forecast
Sorghum,2026-04-12,281483.0,NGN,NGN/MT,Agrolinking AI Pipeline,forecast,National,,,2026-03-29,0.85,True,AI forecast generated 2026-03-29,forecast
Sorghum,2026-04-13,268153.0,NGN,NGN/MT,Agrolinking AI Pipeline,forecast,National,,,2026-03-30,0.85,True,AI forecast generated 2026-03-30,forecast
Sorghum,2026-04-14,330000.0,NGN,NGN/MT,Agricom Africa,wholesale,National,,,2026-04-16,1.0,True,Agricom Africa weekly post,historical
Sorghum,2026-04-15,287135.0,NGN,NGN/MT,Agrolinking AI Pipeline,forecast,National,,,2026-04-15,0.85,True,AI daily forecast 2026-04-15,forecast
Sorghum,2026-04-16,279976.0,NGN,NGN/MT,Agrolinking AI Pipeline,forecast,National,,,2026-04-16,0.85,True,AI daily forecast 2026-04-16,forecast
Sorghum,2026-04-17,306692.0,NGN,NGN/MT,Agrolinking AI Pipeline,forecast,National,,,2026-04-17,0.85,True,AI daily forecast 2026-04-17,forecast
Soybeans,2025-01-08,1050000.0,NGN,NGN/MT,Agricom,wholesale,National,1650.0,,2026-03-10,0.95,True,Historical data from Instagram posts (Jan-Feb 2025),historical
Soybeans,2025-01-09,1050000.0,NGN,NGN/MT,Agricom,wholesale,National,1650.0,,2026-03-10,0.95,True,Historical data from Instagram posts (Jan-Feb 2025),historical
Soybeans,2025-01-10,1050000.0,NGN,NGN/MT,Agricom,wholesale,National,1650.0,,2026-03-10,0.95,True,Historical data from Instagram posts (Jan-Feb 2025),historical
Soybeans,2025-01-13,1010000.0,NGN,NGN/MT,Agricom,wholesale,National,1650.0,,2026-03-10,0.95,True,Historical data from Instagram posts (Jan-Feb 2025),historical
Soybeans,2025-01-14,1010000.0,NGN,NGN/MT,Agricom,wholesale,National,1650.0,,2026-03-10,0.95,True,Historical data from Instagram posts (Jan-Feb 2025),historical
Soybeans,2025-01-15,1010000.0,NGN,NGN/MT,Agricom,wholesale,National,1650.0,,2026-03-10,0.95,True,Historical data from Instagram posts (Jan-Feb 2025),historical
Soybeans,2025-01-16,1020000.0,NGN,NGN/MT,Agricom,wholesale,National,1650.0,,2026-03-10,0.95,True,Historical data from Instagram posts (Jan-Feb 2025),historical
Soybeans,2025-01-17,1020000.0,NGN,NGN/MT,Agricom,wholesale,National,1650.0,,2026-03-10,0.95,True,Historical data from Instagram posts (Jan-Feb 2025),historical
Soybeans,2025-01-20,1020000.0,NGN,NGN/MT,Agricom,wholesale,National,1650.0,,2026-03-10,0.95,True,Historical data from Instagram posts (Jan-Feb 2025),historical
Soybeans,2025-01-21,1020000.0,NGN,NGN/MT,Agricom,wholesale,National,1650.0,,2026-03-10,0.95,True,Historical data from Instagram posts (Jan-Feb 2025),historical
Soybeans,2025-01-22,1020000.0,NGN,NGN/MT,Agricom,wholesale,National,1650.0,,2026-03-10,0.95,True,Historical data from Instagram posts (Jan-Feb 2025),historical
Soybeans,2025-01-23,1020000.0,NGN,NGN/MT,Agricom,wholesale,National,1650.0,,2026-03-10,0.95,True,Historical data from Instagram posts (Jan-Feb 2025),historical
Soybeans,2025-01-24,1020000.0,NGN,NGN/MT,Agricom,wholesale,National,1650.0,,2026-03-10,0.95,True,Historical data from Instagram posts (Jan-Feb 2025),historical
Soybeans,2025-01-27,1020000.0,NGN,NGN/MT,Agricom,wholesale,National,1650.0,,2026-03-10,0.95,True,Historical data from Instagram posts (Jan-Feb 2025),historical
Soybeans,2025-01-28,1020000.0,NGN,NGN/MT,Agricom,wholesale,National,1650.0,,2026-03-10,0.95,True,Historical data from Instagram posts (Jan-Feb 2025),historical
Soybeans,2025-01-29,1020000.0,NGN,NGN/MT,Agricom,wholesale,National,1650.0,,2026-03-10,0.95,True,Historical data from Instagram posts (Jan-Feb 2025),historical
Soybeans,2025-01-30,1020000.0,NGN,NGN/MT,Agricom,wholesale,National,1650.0,,2026-03-10,0.95,True,Historical data from Instagram posts (Jan-Feb 2025),historical
Soybeans,2025-01-31,1020000.0,NGN,NGN/MT,Agricom,wholesale,National,1650.0,,2026-03-10,0.95,True,Historical data from Instagram posts (Jan-Feb 2025),historical
Soybeans,2025-02-03,980000.0,NGN,NGN/MT,Agricom,wholesale,National,1650.0,,2026-03-10,0.95,True,Historical data from Instagram posts (Jan-Feb 2025),historical
Soybeans,2025-02-04,980000.0,NGN,NGN/MT,Agricom,wholesale,National,1650.0,,2026-03-10,0.95,True,Historical data from Instagram posts (Jan-Feb 2025),historical
Soybeans,2025-02-05,980000.0,NGN,NGN/MT,Agricom,wholesale,National,1650.0,,2026-03-10,0.95,True,Historical data from Instagram posts (Jan-Feb 2025),historical
Soybeans,2025-02-06,940000.0,NGN,NGN/MT,Agricom,wholesale,National,1650.0,,2026-03-10,0.95,True,Historical data from Instagram posts (Jan-Feb 2025),historical
Soybeans,2025-02-07,940000.0,NGN,NGN/MT,Agricom,wholesale,National,1650.0,,2026-03-10,0.95,True,Historical data from Instagram posts (Jan-Feb 2025),historical
Soybeans,2025-02-10,840000.0,NGN,NGN/MT,Agricom,wholesale,National,1650.0,,2026-03-10,0.95,True,Historical data from Instagram posts (Jan-Feb 2025),historical
Soybeans,2025-02-11,840000.0,NGN,NGN/MT,Agricom,wholesale,National,1650.0,,2026-03-10,0.95,True,Historical data from Instagram posts (Jan-Feb 2025),historical
Soybeans,2025-02-13,840000.0,NGN,NGN/MT,Agricom,wholesale,National,1650.0,,2026-03-10,0.95,True,Historical data from Instagram posts (Jan-Feb 2025),historical
Soybeans,2025-02-14,810000.0,NGN,NGN/MT,Agricom,wholesale,National,1650.0,,2026-03-10,0.95,True,Historical data from Instagram posts (Jan-Feb 2025),historical
Soybeans,2025-02-17,810000.0,NGN,NGN/MT,Agricom,wholesale,National,1650.0,,2026-03-10,0.95,True,Historical data from Instagram posts (Jan-Feb 2025),historical
Soybeans,2025-02-18,810000.0,NGN,NGN/MT,Agricom,wholesale,National,1650.0,,2026-03-10,0.95,True,Historical data from Instagram posts (Jan-Feb 2025),historical
Soybeans,2025-02-19,810000.0,NGN,NGN/MT,Agricom,wholesale,National,1650.0,,2026-03-10,0.95,True,Historical data from Instagram posts (Jan-Feb 2025),historical
Soybeans,2025-02-20,810000.0,NGN,NGN/MT,Agricom,wholesale,National,1650.0,,2026-03-10,0.95,True,Historical data from Instagram posts (Jan-Feb 2025),historical
Soybeans,2025-02-21,810000.0,NGN,NGN/MT,Agricom,wholesale,National,1650.0,,2026-03-10,0.95,True,Historical data from Instagram posts (Jan-Feb 2025),historical
Soybeans,2025-02-24,830000.0,NGN,NGN/MT,Agricom,wholesale,National,1650.0,,2026-03-10,0.95,True,Historical data from Instagram posts (Jan-Feb 2025),historical
Soybeans,2025-02-25,830000.0,NGN,NGN/MT,Agricom,wholesale,National,1650.0,,2026-03-10,0.95,True,Historical data from Instagram posts (Jan-Feb 2025),historical
Soybeans,2025-02-26,830000.0,NGN,NGN/MT,Agricom,wholesale,National,1650.0,,2026-03-10,0.95,True,Historical data from Instagram posts (Jan-Feb 2025),historical
Soybeans,2025-02-27,830000.0,NGN,NGN/MT,Agricom,wholesale,National,1650.0,,2026-03-10,0.95,True,Historical data from Instagram posts (Jan-Feb 2025),historical
Soybeans,2025-02-28,830000.0,NGN,NGN/MT,Agricom,wholesale,National,1650.0,,2026-03-10,0.95,True,Historical data from Instagram posts (Jan-Feb 2025),historical
Soybeans,2025-06-10,1040000.0,NGN,NGN/MT,Agricom,wholesale,National,1650.0,,2026-03-06,0.95,True,Historical data from Instagram posts (June-July 2025),historical
Soybeans,2025-06-11,1040000.0,NGN,NGN/MT,Agricom,wholesale,National,1650.0,,2026-03-06,0.95,True,Historical data from Instagram posts (June-July 2025),historical
Soybeans,2025-06-13,1040000.0,NGN,NGN/MT,Agricom,wholesale,National,1650.0,,2026-03-06,0.95,True,Historical data from Instagram posts (June-July 2025),historical
Soybeans,2025-06-16,1040000.0,NGN,NGN/MT,Agricom,wholesale,National,1650.0,,2026-03-06,0.95,True,Historical data from Instagram posts (June-July 2025),historical
Soybeans,2025-06-17,1040000.0,NGN,NGN/MT,Agricom,wholesale,National,1650.0,,2026-03-06,0.95,True,Historical data from Instagram posts (June-July 2025),historical
Soybeans,2025-06-18,1020000.0,NGN,NGN/MT,Agricom,wholesale,National,1650.0,,2026-03-06,0.95,True,Historical data from Instagram posts (June-July 2025),historical
Soybeans,2025-06-19,1020000.0,NGN,NGN/MT,Agricom,wholesale,National,1650.0,,2026-03-06,0.95,True,Historical data from Instagram posts (June-July 2025),historical
Soybeans,2025-06-20,1020000.0,NGN,NGN/MT,Agricom,wholesale,National,1650.0,,2026-03-06,0.95,True,Historical data from Instagram posts (June-July 2025),historical
Soybeans,2025-06-23,1020000.0,NGN,NGN/MT,Agricom,wholesale,National,1650.0,,2026-03-06,0.95,True,Historical data from Instagram posts (June-July 2025),historical
Soybeans,2025-06-24,1020000.0,NGN,NGN/MT,Agricom,wholesale,National,1650.0,,2026-03-06,0.95,True,Historical data from Instagram posts (June-July 2025),historical
Soybeans,2025-06-25,1020000.0,NGN,NGN/MT,Agricom,wholesale,National,1650.0,,2026-03-06,0.95,True,Historical data from Instagram posts (June-July 2025),historical
Soybeans,2025-06-26,1000000.0,NGN,NGN/MT,Agricom,wholesale,National,1650.0,,2026-03-06,0.95,True,Historical data from Instagram posts (June-July 2025),historical
Soybeans,2025-06-27,1000000.0,NGN,NGN/MT,Agricom,wholesale,National,1650.0,,2026-03-06,0.95,True,Historical data from Instagram posts (June-July 2025),historical
Soybeans,2025-06-30,980000.0,NGN,NGN/MT,Agricom,wholesale,National,1650.0,,2026-03-06,0.95,True,Historical data from Instagram posts (June-July 2025),historical
Soybeans,2025-07-01,980000.0,NGN,NGN/MT,Agricom,wholesale,National,1650.0,,2026-03-06,0.95,True,Historical data from Instagram posts (June-July 2025),historical
Soybeans,2025-07-02,980000.0,NGN,NGN/MT,Agricom,wholesale,National,1650.0,,2026-03-06,0.95,True,Historical data from Instagram posts (June-July 2025),historical
Soybeans,2025-07-03,980000.0,NGN,NGN/MT,Agricom,wholesale,National,1650.0,,2026-03-06,0.95,True,Historical data from Instagram posts (June-July 2025),historical
Soybeans,2025-07-04,980000.0,NGN,NGN/MT,Agricom,wholesale,National,1650.0,,2026-03-06,0.95,True,Historical data from Instagram posts (June-July 2025),historical
Soybeans,2025-07-07,980000.0,NGN,NGN/MT,Agricom,wholesale,National,1650.0,,2026-03-06,0.95,True,Historical data from Instagram posts (June-July 2025),historical
Soybeans,2025-07-08,980000.0,NGN,NGN/MT,Agricom,wholesale,National,1650.0,,2026-03-06,0.95,True,Historical data from Instagram posts (June-July 2025),historical
Soybeans,2025-07-09,950000.0,NGN,NGN/MT,Agricom,wholesale,National,1650.0,,2026-03-06,0.95,True,Historical data from Instagram posts (June-July 2025),historical
Soybeans,2025-07-10,950000.0,NGN,NGN/MT,Agricom,wholesale,National,1650.0,,2026-03-06,0.95,True,Historical data from Instagram posts (June-July 2025),historical
Soybeans,2025-07-11,950000.0,NGN,NGN/MT,Agricom,wholesale,National,1650.0,,2026-03-06,0.95,True,Historical data from Instagram posts (June-July 2025),historical
Soybeans,2025-07-14,930000.0,NGN,NGN/MT,Agricom,wholesale,National,1650.0,,2026-03-06,0.95,True,Historical data from Instagram posts (June-July 2025),historical
Soybeans,2025-07-15,930000.0,NGN,NGN/MT,Agricom,wholesale,National,1650.0,,2026-03-06,0.95,True,Historical data from Instagram posts (June-July 2025),historical
Soybeans,2025-07-16,930000.0,NGN,NGN/MT,Agricom,wholesale,National,1650.0,,2026-03-06,0.95,True,Historical data from Instagram posts (June-July 2025),historical
Soybeans,2025-07-17,930000.0,NGN,NGN/MT,Agricom,wholesale,National,1650.0,,2026-03-06,0.95,True,Historical data from Instagram posts (June-July 2025),historical
Soybeans,2025-07-18,910000.0,NGN,NGN/MT,Agricom,wholesale,National,1650.0,,2026-03-06,0.95,True,Historical data from Instagram posts (June-July 2025),historical
Soybeans,2025-07-21,920000.0,NGN,NGN/MT,Agricom,wholesale,National,1650.0,,2026-03-06,0.95,True,Historical data from Instagram posts (June-July 2025),historical
Soybeans,2025-07-22,920000.0,NGN,NGN/MT,Agricom,wholesale,National,1650.0,,2026-03-06,0.95,True,Historical data from Instagram posts (June-July 2025),historical
Soybeans,2025-07-23,920000.0,NGN,NGN/MT,Agricom,wholesale,National,1650.0,,2026-03-06,0.95,True,Historical data from Instagram posts (June-July 2025),historical
Soybeans,2025-07-24,920000.0,NGN,NGN/MT,Agricom,wholesale,National,1650.0,,2026-03-06,0.95,True,Historical data from Instagram posts (June-July 2025),historical
Soybeans,2025-09-01,800000.0,NGN,NGN/MT,Agricom,wholesale,National,1650.0,,2026-03-03,0.95,True,Historical data from Instagram posts,historical
Soybeans,2025-09-03,820000.0,NGN,NGN/MT,Agricom,wholesale,National,1650.0,,2026-03-03,0.95,True,Historical data from Instagram posts,historical
Soybeans,2025-09-04,800000.0,NGN,NGN/MT,Agricom,wholesale,National,1650.0,,2026-03-03,0.95,True,Historical data from Instagram posts,historical
Soybeans,2025-09-08,800000.0,NGN,NGN/MT,Agricom,wholesale,National,1650.0,,2026-03-03,0.95,True,Historical data from Instagram posts,historical
Soybeans,2025-09-09,820000.0,NGN,NGN/MT,Agricom,wholesale,National,1650.0,,2026-03-03,0.95,True,Historical data from Instagram posts,historical
Soybeans,2025-09-10,820000.0,NGN,NGN/MT,Agricom,wholesale,National,1650.0,,2026-03-03,0.95,True,Historical data from Instagram posts,historical
Soybeans,2025-09-11,820000.0,NGN,NGN/MT,Agricom,wholesale,National,1650.0,,2026-03-03,0.95,True,Historical data from Instagram posts,historical
Soybeans,2025-09-12,820000.0,NGN,NGN/MT,Agricom,wholesale,National,1650.0,,2026-03-03,0.95,True,Historical data from Instagram posts,historical
Soybeans,2025-09-15,800000.0,NGN,NGN/MT,Agricom,wholesale,National,1650.0,,2026-03-03,0.95,True,Historical data from Instagram posts,historical
Soybeans,2025-09-16,800000.0,NGN,NGN/MT,Agricom,wholesale,National,1650.0,,2026-03-03,0.95,True,Historical data from Instagram posts,historical
Soybeans,2025-09-17,800000.0,NGN,NGN/MT,Agricom,wholesale,National,1650.0,,2026-03-03,0.95,True,Historical data from Instagram posts,historical
Soybeans,2025-09-18,800000.0,NGN,NGN/MT,Agricom,wholesale,National,1650.0,,2026-03-03,0.95,True,Historical data from Instagram posts,historical
Soybeans,2025-09-19,800000.0,NGN,NGN/MT,Agricom,wholesale,National,1650.0,,2026-03-03,0.95,True,Historical data from Instagram posts,historical
Soybeans,2025-09-22,800000.0,NGN,NGN/MT,Agricom,wholesale,National,1650.0,,2026-03-03,0.95,True,Historical data from Instagram posts,historical
Soybeans,2025-09-23,800000.0,NGN,NGN/MT,Agricom,wholesale,National,1650.0,,2026-03-03,0.95,True,Historical data from Instagram posts,historical
Soybeans,2025-09-24,800000.0,NGN,NGN/MT,Agricom,wholesale,National,1650.0,,2026-03-03,0.95,True,Historical data from Instagram posts,historical
Soybeans,2025-09-25,800000.0,NGN,NGN/MT,Agricom,wholesale,National,1650.0,,2026-03-03,0.95,True,Historical data from Instagram posts,historical
Soybeans,2025-09-26,800000.0,NGN,NGN/MT,Agricom,wholesale,National,1650.0,,2026-03-03,0.95,True,Historical data from Instagram posts,historical
Soybeans,2025-09-29,800000.0,NGN,NGN/MT,Agricom,wholesale,National,1650.0,,2026-03-03,0.95,True,Historical data from Instagram posts,historical
Soybeans,2025-09-30,810000.0,NGN,NGN/MT,Agricom,wholesale,National,1650.0,,2026-03-03,0.95,True,Historical data from Instagram posts,historical
Soybeans,2025-10-02,810000.0,NGN,NGN/MT,Agricom,wholesale,National,1650.0,,2026-03-03,0.95,True,Historical data from Instagram posts,historical
Soybeans,2025-10-03,810000.0,NGN,NGN/MT,Agricom,wholesale,National,1650.0,,2026-03-03,0.95,True,Historical data from Instagram posts,historical
Soybeans,2025-10-06,800000.0,NGN,NGN/MT,Agricom,wholesale,National,1650.0,,2026-03-03,0.95,True,Historical data from Instagram posts,historical
Soybeans,2025-10-07,800000.0,NGN,NGN/MT,Agricom,wholesale,National,1650.0,,2026-03-03,0.95,True,Historical data from Instagram posts,historical
Soybeans,2025-10-08,800000.0,NGN,NGN/MT,Agricom,wholesale,National,1650.0,,2026-03-03,0.95,True,Historical data from Instagram posts,historical
Soybeans,2025-10-09,790000.0,NGN,NGN/MT,Agricom,wholesale,National,1650.0,,2026-03-03,0.95,True,Historical data from Instagram posts,historical
Soybeans,2025-10-10,790000.0,NGN,NGN/MT,Agricom,wholesale,National,1650.0,,2026-03-03,0.95,True,Historical data from Instagram posts,historical
Soybeans,2025-10-13,790000.0,NGN,NGN/MT,Agricom,wholesale,National,1650.0,,2026-03-03,0.95,True,Historical data from Instagram posts,historical
Soybeans,2025-10-14,750000.0,NGN,NGN/MT,Agricom,wholesale,National,1650.0,,2026-03-03,0.95,True,Historical data from Instagram posts,historical
Soybeans,2025-10-15,750000.0,NGN,NGN/MT,Agricom,wholesale,National,1650.0,,2026-03-03,0.95,True,Historical data from Instagram posts,historical
Soybeans,2025-10-16,750000.0,NGN,NGN/MT,Agricom,wholesale,National,1650.0,,2026-03-03,0.95,True,Historical data from Instagram posts,historical
Soybeans,2025-10-17,750000.0,NGN,NGN/MT,Agricom,wholesale,National,1650.0,,2026-03-03,0.95,True,Historical data from Instagram posts,historical
Soybeans,2025-10-20,710000.0,NGN,NGN/MT,Agricom,wholesale,National,1650.0,,2026-03-03,0.95,True,Historical data from Instagram posts,historical
Soybeans,2025-10-21,710000.0,NGN,NGN/MT,Agricom,wholesale,National,1650.0,,2026-03-03,0.95,True,Historical data from Instagram posts,historical
Soybeans,2025-10-22,710000.0,NGN,NGN/MT,Agricom,wholesale,National,1650.0,,2026-03-03,0.95,True,Historical data from Instagram posts,historical
Soybeans,2025-10-23,680000.0,NGN,NGN/MT,Agricom,wholesale,National,1650.0,,2026-03-03,0.95,True,Historical data from Instagram posts,historical
Soybeans,2025-10-24,680000.0,NGN,NGN/MT,Agricom,wholesale,National,1650.0,,2026-03-03,0.95,True,Historical data from Instagram posts,historical
Soybeans,2025-10-27,680000.0,NGN,NGN/MT,Agricom,wholesale,National,1650.0,,2026-02-27,0.95,True,From Agricom Threads - Oct 31,historical
Soybeans,2025-11-03,640000.0,NGN,NGN/MT,Agricom,wholesale,National,1650.0,,2026-02-27,0.95,True,From Agricom Threads - Nov 7,historical
Soybeans,2025-11-10,620000.0,NGN,NGN/MT,Agricom,wholesale,National,1650.0,,2026-02-27,0.95,True,From Agricom Threads - Nov 14,historical
Soybeans,2025-11-17,600000.0,NGN,NGN/MT,Agricom,wholesale,National,1650.0,,2026-02-27,0.95,True,From Agricom Threads - Nov 24,historical
Soybeans,2025-11-24,570000.0,NGN,NGN/MT,Agricom,wholesale,National,1650.0,,2026-02-27,0.95,True,From Agricom Threads - Nov 28,historical
Soybeans,2025-12-01,530000.0,NGN,NGN/MT,Agricom,wholesale,National,1650.0,,2026-02-27,0.95,True,From Agricom Threads - Dec 5,historical
Soybeans,2025-12-08,530000.0,NGN,NGN/MT,Agricom,wholesale,National,1650.0,,2026-02-27,0.95,True,From Agricom Threads - Dec 12,historical
Soybeans,2025-12-15,540000.0,NGN,NGN/MT,Agricom,wholesale,National,1650.0,,2026-02-27,0.95,True,From Agricom Threads - Dec 19,historical
Soybeans,2025-12-22,540000.0,NGN,NGN/MT,Agricom,wholesale,National,1650.0,,2026-02-27,0.95,True,From Agricom Threads - Dec 23,historical
Soybeans,2025-12-29,540000.0,NGN,NGN/MT,Agricom,wholesale,National,1650.0,,2026-02-27,0.95,True,From Agricom Threads - Dec 30,historical
Soybeans,2026-01-05,540000.0,NGN,NGN/MT,Agricom,wholesale,National,1650.0,,2026-02-27,0.95,True,From Agricom Threads - Jan 9,historical
Soybeans,2026-01-12,580000.0,NGN,NGN/MT,Agricom,wholesale,National,1650.0,,2026-02-27,0.95,True,From Agricom Threads - Jan 16,historical
Soybeans,2026-01-19,620000.0,NGN,NGN/MT,Agricom,wholesale,National,1650.0,,2026-02-27,0.95,True,From Agricom Threads - Jan 26,historical
Soybeans,2026-01-26,690000.0,NGN,NGN/MT,Agricom,wholesale,National,1650.0,,2026-02-27,0.95,True,From Agricom Threads - Jan 30,historical
Soybeans,2026-02-02,730000.0,NGN,NGN/MT,Agricom,wholesale,National,1650.0,,2026-02-27,0.95,True,From Agricom Threads - Feb 6,historical
Soybeans,2026-02-09,700000.0,NGN,NGN/MT,Agricom,wholesale,National,1650.0,,2026-02-27,0.95,True,From Agricom Threads - Feb 13,historical
Soybeans,2026-02-16,650000.0,NGN,NGN/MT,Agricom,wholesale,National,1650.0,,2026-02-27,0.95,True,From Agricom Threads - Feb 23,historical
Soybeans,2026-02-23,650000.0,NGN,NGN/MT,Agricom,wholesale,National,1650.0,,2026-02-27,0.95,True,From Agricom Threads - Feb 26,historical
Soybeans,2026-03-03,670000.0,NGN,NGN/MT,Agricom,wholesale,National,1650.0,,2026-03-03,0.95,True,Historical data from Instagram posts,historical
Soybeans,2026-03-06,670000.0,NGN,NGN/MT,Agricom,wholesale,National,1650.0,,2026-03-06,0.95,True,Historical data from Instagram posts (June-July 2025),historical
Soybeans,2026-03-09,670000.0,NGN,NGN/MT,Agricom,wholesale,National,1650.0,,2026-03-10,0.95,True,Historical data from Instagram posts (Jan-Feb 2025),historical
Soybeans,2026-03-10,670000.0,NGN,NGN/MT,Agricom,wholesale,National,1650.0,,2026-03-10,0.95,True,Historical data from Instagram posts (March 2026),historical
Soybeans,2026-03-11,680000.0,NGN,NGN/MT,Agricom,wholesale,National,1650.0,,2026-03-12,0.95,True,Historical data from Instagram posts (March 2026),historical
Soybeans,2026-03-12,680000.0,NGN,NGN/MT,Agricom,wholesale,National,1650.0,,2026-03-13,0.95,True,Historical data from Instagram posts (March 2026),historical
Soybeans,2026-03-14,672458.0,NGN,NGN/MT,Agrolinking Forecast,wholesale,National,1650.0,,2026-03-14,0.9,False,"Forecast by ensemble model | error=None% | weekly_fc=₦674,532",forecast
Soybeans,2026-03-16,684830.0,NGN,NGN/MT,Agrolinking Forecast,wholesale,National,1650.0,,2026-03-16,0.9,False,"Forecast by ensemble model | daily_change=+0.7% | weekly_fc=₦867,165",forecast
Soybeans,2026-03-17,704997.0,NGN,NGN/MT,Agrolinking Forecast,wholesale,National,1650.0,,2026-03-17,0.9,False,"Forecast by ensemble model | daily_change=+2.9% | weekly_fc=₦872,185",forecast
Soybeans,2026-03-17,680000.0,NGN,NGN/MT,Agricom,wholesale,National,1650.0,,2026-03-18,0.95,True,Historical data from Agricom Instagram post,historical
Soybeans,2026-03-18,684661.0,NGN,NGN/MT,Agrolinking Forecast,wholesale,National,1650.0,,2026-03-18,0.9,False,"Forecast by ensemble model | daily_change=0.0% | weekly_fc=₦679,558",forecast
Soybeans,2026-03-18,680000.0,NGN,NGN/MT,Agricom,wholesale,National,1650.0,,2026-03-19,0.95,True,Historical data from Agricom Instagram post,historical
Soybeans,2026-03-19,677260.0,NGN,NGN/MT,Agrolinking Forecast,wholesale,National,1650.0,,2026-03-19,0.9,False,"Forecast by ensemble model | daily_change=0.0% | weekly_fc=₦673,970",forecast
Soybeans,2026-03-20,676558.0,NGN,NGN/MT,Agrolinking Forecast,wholesale,National,1650.0,,2026-03-20,0.9,False,"model=ensemble | daily_change=stable | weekly=₦672,679 | biweekly=₦692,211",forecast
Soybeans,2026-03-21,677217.0,NGN,NGN/MT,Agrolinking Forecast,wholesale,National,1650.0,,2026-03-21,0.9,False,"model=ensemble | daily_change=stable | weekly=₦672,679 | biweekly=₦692,211",forecast
Soybeans,2026-03-23,679710.0,NGN,NGN/MT,Agrolinking Forecast,wholesale,National,1650.0,,2026-03-23,0.9,False,"model=ensemble | daily_chg=stable | weekly=₦693,793 | biweekly=₦735,406 | 1m=₦751,615 | 3m=₦798,773 | 6m=₦900,687",forecast
Soybeans,2026-03-24,681435.0,NGN,NGN/MT,Agrolinking Forecast,wholesale,National,1650.0,,2026-03-24,0.9,False,"model=ensemble | daily_chg=stable | weekly=₦695,553 | biweekly=₦740,715 | 1m=₦791,991 | 3m=₦863,494 | 6m=₦1,009,459",forecast
Soybeans,2026-03-25,672740.0,NGN,NGN/MT,Agrolinking Forecast,wholesale,National,1650.0,,2026-03-25,0.9,False,"model=ensemble | daily_chg=stable | weekly=₦678,379 | biweekly=₦689,931 | 1m=₦694,876 | 3m=₦724,650 | 6m=₦741,044",forecast
Soybeans,2026-03-26,671574.0,NGN,NGN/MT,Agrolinking Forecast,wholesale,National,1650.0,,2026-03-26,0.9,False,"model=ensemble | daily_chg=stable | weekly=₦675,084 | biweekly=₦689,442 | 1m=₦686,175 | 3m=₦721,857 | 6m=₦736,793",forecast
Soybeans,2026-03-27,669856.0,NGN,NGN/MT,Agrolinking Forecast,wholesale,National,1650.0,,2026-03-27,0.9,False,"model=ensemble | daily_chg=stable | weekly=₦671,307 | biweekly=₦682,488 | 1m=₦678,781 | 3m=₦719,033 | 6m=₦732,466",forecast
Soybeans,2026-03-29,670635.0,NGN,NGN/MT,Agrolinking Forecast,wholesale,National,1650.0,,2026-03-29,0.9,False,"model=ensemble | daily_chg=-1.4% | weekly=₦670,794 | biweekly=₦681,637 | 1m=₦673,709 | 3m=₦722,076 | 6m=₦737,812",forecast
Soybeans,2026-03-30,687316.0,NGN,NGN/MT,Agrolinking AI Pipeline,forecast,National,,,2026-03-30,0.85,True,AI forecast generated 2026-03-30,forecast
Soybeans,2026-03-31,673382.0,NGN,NGN/MT,Agrolinking AI Pipeline,forecast,National,,,2026-03-31,0.85,True,AI forecast generated 2026-03-31,forecast
Soybeans,2026-04-01,689464.0,NGN,NGN/MT,Agrolinking AI Pipeline,forecast,National,,,2026-04-01,0.85,True,AI forecast generated 2026-04-01,forecast
Soybeans,2026-04-02,691029.0,NGN,NGN/MT,Agrolinking AI Pipeline,forecast,National,,,2026-04-02,0.85,True,AI forecast generated 2026-04-02,forecast
Soybeans,2026-04-03,679032.0,NGN,NGN/MT,Agrolinking AI Pipeline,forecast,National,,,2026-04-03,0.85,True,AI forecast generated 2026-04-03,forecast
Soybeans,2026-04-04,693182.0,NGN,NGN/MT,Agrolinking AI Pipeline,forecast,National,,,2026-04-04,0.85,True,AI forecast generated 2026-04-04,forecast
Soybeans,2026-04-05,670794.0,NGN,NGN/MT,Agrolinking AI Pipeline,forecast,National,,,2026-03-29,0.85,True,AI forecast generated 2026-03-29,forecast
Soybeans,2026-04-06,681892.0,NGN,NGN/MT,Agrolinking AI Pipeline,forecast,National,,,2026-03-30,0.85,True,AI forecast generated 2026-03-30,forecast
Soybeans,2026-04-07,730000.0,NGN,NGN/MT,Agricom Africa,wholesale,National,,,2026-04-16,1.0,True,Agricom Africa weekly post,historical
Soybeans,2026-04-08,698980.0,NGN,NGN/MT,Agrolinking AI Pipeline,forecast,National,,,2026-04-01,0.85,True,AI forecast generated 2026-04-01,forecast
Soybeans,2026-04-09,696106.0,NGN,NGN/MT,Agrolinking AI Pipeline,forecast,National,,,2026-04-02,0.85,True,AI forecast generated 2026-04-02,forecast
Soybeans,2026-04-10,696762.0,NGN,NGN/MT,Agrolinking AI Pipeline,forecast,National,,,2026-04-03,0.85,True,AI forecast generated 2026-04-03,forecast
Soybeans,2026-04-11,695935.0,NGN,NGN/MT,Agrolinking AI Pipeline,forecast,National,,,2026-04-04,0.85,True,AI forecast generated 2026-04-04,forecast
Soybeans,2026-04-12,681637.0,NGN,NGN/MT,Agrolinking AI Pipeline,forecast,National,,,2026-03-29,0.85,True,AI forecast generated 2026-03-29,forecast
Soybeans,2026-04-13,681745.0,NGN,NGN/MT,Agrolinking AI Pipeline,forecast,National,,,2026-03-30,0.85,True,AI forecast generated 2026-03-30,forecast
Soybeans,2026-04-14,740000.0,NGN,NGN/MT,Agricom Africa,wholesale,National,,,2026-04-16,1.0,True,Agricom Africa weekly post,historical
Soybeans,2026-04-15,693400.0,NGN,NGN/MT,Agrolinking AI Pipeline,forecast,National,,,2026-04-15,0.85,True,AI daily forecast 2026-04-15,forecast
Soybeans,2026-04-16,699238.0,NGN,NGN/MT,Agrolinking AI Pipeline,forecast,National,,,2026-04-16,0.85,True,AI daily forecast 2026-04-16,forecast
Soybeans,2026-04-17,730330.0,NGN,NGN/MT,Agrolinking AI Pipeline,forecast,National,,,2026-04-17,0.85,True,AI daily forecast 2026-04-17,forecast
